CREATE TABLE "banners" (
  "id" int NOT NULL,
  "image" varchar(255)  NOT NULL,
  "title" varchar(255)  DEFAULT NULL,
  "link" varchar(255)  DEFAULT NULL,
  "is_active" BOOLEAN DEFAULT TRUE,
  "created_at" timestamp NULL DEFAULT CURRENT_TIMESTAMP
);


INSERT INTO "banners" ("id", "image", "title", "link", "is_active", "created_at") 
VALUES (24, 'images/banner/1749545683_blackFriday.png', 'blackfriday', '', TRUE, '2025-06-10 08:54:43'),
(25, 'images/banner/1749574448_sales_banners.jpg', 'bigsale', '', TRUE, '2025-06-10 16:54:08'),
(26, 'images/banner/1749575911_sale.jpg', 'sale', '', TRUE, '2025-06-10 17:18:31');



CREATE TABLE "brands" (
  "id" int NOT NULL,
  "name" varchar(255)  NOT NULL
);


INSERT INTO "brands" ("id", "name") 
VALUES (19, 'Nexorevn Inc.'),
(20, 'Aula'),
(21, 'Asus'),
(22, 'Logitech');



CREATE TABLE "cart" (
  "id" int NOT NULL,
  "user_id" int DEFAULT NULL,
  "product_id" int DEFAULT NULL,
  "quantity" int DEFAULT 1
);




CREATE TABLE "categories" (
  "id" int NOT NULL,
  "name" varchar(255)  NOT NULL,
  "parent_id" int DEFAULT NULL
);


INSERT INTO "categories" ("id", "name", "parent_id") 
VALUES (15, 'Mô hình', NULL),
(16, 'Mô hình Dragonball', 15),
(17, 'Mô hình Naruto', 15),
(18, 'Bàn phím ', NULL),
(19, 'Bàn phím Aula', 18),
(20, 'Bàn phím Asus', 18),
(21, 'Mô hình Azur Lane', 15),
(22, 'Mô Hình Chainsaw Man', 15),
(23, 'Mô hình Yu-Gi-Oh', 15),
(24, 'Mô hình Attack on Titan', 15),
(25, 'Mô hình Studio Ghibli', 15),
(26, 'Action Figure', 15),
(27, 'Mô hình One Piece', 15),
(28, 'Mô hình Transformers', 15),
(29, 'Bàn phím Logitech', 18),
(30, 'Màn hình', NULL),
(31, 'Màn hình Asus', 30);



CREATE TABLE "contacts" (
  "id" int NOT NULL,
  "fullname" varchar(255)  DEFAULT NULL,
  "email" varchar(255)  DEFAULT NULL,
  "message" text ,
  "created_at" timestamp DEFAULT NULL
);


INSERT INTO "contacts" ("id", "fullname", "email", "message", "created_at") 
VALUES (5, 'Phúc', 'honghongphuc12345@gmail.com', 'Shop có cửa hàng ở TP.HCM không hay chỉ online?', '2025-06-11 22:20:52');



CREATE TABLE "orders" (
  "id" int NOT NULL,
  "user_id" int DEFAULT NULL,
  "total_price" decimal(10,2) NOT NULL,
  "status" varchar(30) DEFAULT 'đang chờ' CHECK ("status" IN ('đang chờ','đã xác nhận','đang vận chuyển','đã nhận hàng','hủy')),
  "created_at" timestamp DEFAULT CURRENT_TIMESTAMP,
  "fullname" varchar(255) NOT NULL,
  "email" varchar(255) NOT NULL,
  "phone" varchar(10) NOT NULL,
  "address" text NOT NULL,
  "method_payment" varchar(30) DEFAULT 'tiền mặt' CHECK ("method_payment" IN ('tiền mặt','chuyển khoản','vnpay'))
);



INSERT INTO "orders" ("id", "user_id", "total_price", "status", "created_at", "fullname", "email", "phone", "address", "method_payment") 
VALUES (25, 14, 10000000.00, 'đã xác nhận', '2025-06-11 06:48:27', 'Phúc', 'honghongphuc12345@gmail.com', '0932088279', 'Gò Vấp', 'vnpay'),
(26, 14, 2990000.00, 'đã xác nhận', '2025-06-11 09:02:53', 'Phúc', 'honghongphuc12345@gmail.com', '0932088279', 'gv', 'tiền mặt'),
(27, 14, 2590000.00, 'đã xác nhận', '2025-06-11 09:03:19', 'Phúc', 'honghongphuc12345@gmail.com', '0932088279', 'gv', 'chuyển khoản'),
(28, 14, 4490000.00, 'đang chờ', '2025-06-11 09:04:55', 'o', 'honghongphuc12345@gmail.com', '0932088279', 'gv', 'chuyển khoản'),
(29, 14, 4490000.00, 'đã xác nhận', '2025-06-11 09:06:06', 'Phúc', 'honghongphuc12345@gmail.com', '0932088279', 'gv', 'vnpay'),
(30, 14, 7500000.00, 'đang chờ', '2025-06-11 14:55:14', 'Nhiêu Hồng Phúc', 'honghongphuc12345@gmail.com', '0932088279', 'Gò Vấp', 'tiền mặt');



CREATE TABLE "order_details" (
  "id" int NOT NULL,
  "order_id" int DEFAULT NULL,
  "product_id" int DEFAULT NULL,
  "quantity" int DEFAULT NULL,
  "subtotal" decimal(10,2) NOT NULL,
  "price" decimal(10,2) DEFAULT NULL
);


INSERT INTO "order_details" ("id", "order_id", "product_id", "quantity", "subtotal", "price") 
VALUES (17, 26, 53, 1, 2990000.00, 2990000.00),
(18, 27, 52, 1, 2590000.00, 2590000.00),
(19, 28, 51, 1, 4490000.00, 4490000.00),
(20, 29, 51, 1, 4490000.00, 4490000.00),
(21, 30, 47, 1, 7500000.00, 7500000.00);



CREATE TABLE "products" (
  "id" int NOT NULL,
  "name" varchar(255)  DEFAULT NULL,
  "description" text ,
  "price" decimal(10,2) NOT NULL,
  "image" varchar(255)  DEFAULT NULL,
  "category_id" int DEFAULT NULL,
  "is_featured" BOOLEAN DEFAULT FALSE,
  "created_at" timestamp NULL DEFAULT CURRENT_TIMESTAMP,
  "discount_price" decimal(10,2) DEFAULT NULL,
  "brand_id" int DEFAULT NULL
);


INSERT INTO "products" ("id", "name", "description", "price", "image", "category_id", "is_featured", "created_at", "discount_price", "brand_id") 
VALUES
(21, 'Son Goku Super Saiyan Blue - Biểu Tượng Của Sức Mạnh Thần Thánh & Sự Tiến Hóa Vượt Bậc', '<h3><strong>Chiêm ngưỡng đỉnh cao của sức mạnh Saiyan với mô hình Son Goku Super Saiyan Blue tinh xảo này – một kiệt tác điêu khắc tái hiện chân thực hình thái mạnh mẽ, điềm tĩnh và đầy uy lực của anh hùng vĩ đại nhất vũ trụ 7!</strong></h3><p>Super Saiyan Blue hay Super Saiyan God Super Saiyan, đại diện cho một bước tiến hóa phi thường, kết hợp sự điềm tĩnh của Thần và sức mạnh bùng nổ của Super Saiyan. Mô hình này không chỉ là một vật phẩm trưng bày, mà còn là lời nhắc nhở về quá trình luyện tập không ngừng nghỉ và ý chí kiên định của Goku. Từng đường nét trên mô hình đều được chế tác với sự tỉ mỉ tối đa, mang đến một tác phẩm nghệ thuật có giá trị sưu tầm cao.</p><p>&nbsp;</p><h3><strong>Đặc điểm nổi bật &amp; Nét đẹp hình ảnh</strong></h3><h4><i>Sự Tinh Túy Của Hình Thái Super Saiyan Blue</i></h4><ul><li><strong>Đặc tính:</strong> Màu xanh dương đặc trưng của mái tóc và ánh hào quang được tái tạo rực rỡ, biểu thị sự kiểm soát hoàn hảo năng lượng thần thánh. Khuôn mặt Goku thể hiện vẻ tập trung cao độ, điềm tĩnh nhưng ẩn chứa sự quyết tâm sắt đá, đúng như tính cách của anh ở trạng thái SSB.</li><li><strong>Hình ảnh:</strong> Chụp cận cảnh phần đầu và khuôn mặt, làm nổi bật màu tóc xanh lam và thần thái của Goku. Ánh sáng chiếu vào mô hình để tạo hiệu ứng phát sáng cho tóc.</li></ul><h4><i>Động Tác Uy Lực, Sẵn Sàng Bùng Nổ</i></h4><ul><li><strong>Đặc tính:</strong> Mô hình được tạo dáng trong một tư thế đầy tính biểu tượng, như đang chuẩn bị tung đòn cuối cùng, tích tụ năng lượng Kamehameha, hoặc thực hiện một pha giao chiến tốc độ cao. Các nếp gấp trên võ phục và cơ bắp căng phồng đều góp phần tạo nên cảm giác chuyển động và sức mạnh tiềm ẩn.</li><li><strong>Hình ảnh:</strong> Chụp toàn bộ mô hình từ các góc độ động, thể hiện tư thế bùng nổ của Goku. Có thể sử dụng hiệu ứng ánh sáng hoặc nền để tăng kịch tính.</li></ul><h4><i>Chi Tiết Trang Phục Chân Thực Đến Từng Sợi Vải</i></h4><ul><li><strong>Đặc tính:</strong> Dù là võ phục cam truyền thống hay bộ giáp xanh của Whis, từng đường nét trên trang phục đều được điêu khắc sống động, với các nếp nhăn, đường may, và logo (nếu có) được tái hiện chính xác. Điều này mang lại cảm giác chân thực như trang phục thật đang bị ảnh hưởng bởi luồng khí Ki.</li><li><strong>Hình ảnh:</strong> Cận cảnh chi tiết trang phục, đặc biệt là các đường may hoặc nếp gấp vải, làm nổi bật độ tỉ mỉ.</li></ul><h4><i>Chất Liệu Cao Cấp &amp; Hoàn Thiện Sơn Thủ Công Đỉnh Cao</i></h4><ul><li><strong>Đặc tính:</strong> Được chế tác từ PVC và ABS chất lượng cao, đảm bảo độ bền và giữ màu sắc theo thời gian. Lớp sơn được thực hiện thủ công với nhiều sắc độ, tạo độ sâu và bóng bẩy cho cơ bắp, tóc và trang phục, giúp mô hình đạt được mức độ chân thực cao nhất.</li><li><strong>Hình ảnh:</strong> Chụp cực cận một phần nhỏ của mô hình (ví dụ: cánh tay, phần tóc) để thể hiện chất lượng sơn và chi tiết bề mặt.</li></ul><p>&nbsp;</p><h3><strong>Tại sao nên sở hữu mô hình Super Saiyan Blue Goku này?</strong></h3><h4><i>Đây không chỉ là một món đồ sưu tầm, mà còn là một cách để bạn thể hiện niềm đam mê sâu sắc với vũ trụ Dragon Ball Super và tôn vinh nhân vật Son Goku – biểu tượng của sự kiên trì, ý chí vượt qua giới hạn và khát vọng bảo vệ công lý. Mô hình này sẽ là điểm nhấn mạnh mẽ, mang lại vẻ đẹp và sức mạnh thần thánh cho bộ sưu tập của bạn.</i></h4>', 2000000.00, 'images/products/m-hnh-dragonball/m-hnh-dragonball-super-son-goku-super-saiyan-blue-sc-mnh-thn-thnh-kh-cht-v-song/main_1749545939_6847f3d3acaa4.jpg', 16, true , '2025-06-10 08:58:59', 1500000.00, 19),
(23, 'Son Goku - Sức Mạnh Cơ Bắp Đỉnh Cao Sau Trận Chiến', '<h2><strong>Hãy mang về không gian của bạn tinh thần chiến đấu bất khuất và sức mạnh thể chất đỉnh cao của Son Goku với mô hình chất lượng cao này – một tác phẩm điêu khắc sống động, tái hiện chân thực anh hùng Saiyan sau những trận chiến ác liệt nhất!</strong></h2><h4>Mô hình Goku "ở trần" này được chế tác tỉ mỉ, nắm bắt trọn vẹn vẻ đẹp của sức mạnh thể chất, sự kiên cường và khí chất ngời ngời của Goku khi anh đã dốc hết sức mình. Từ những thớ cơ bắp cuồn cuộn, bộ võ phục tả tơi, đến ánh mắt rực lửa và thần thái sẵn sàng vượt qua mọi giới hạn, mọi chi tiết đều được chăm chút để mang đến một Goku chân thực và đầy uy lực.</h4><p>&nbsp;</p><h3><strong>Đặc điểm nổi bật &amp; Nét đẹp hình ảnh</strong></h3><h4><i>Tái Hiện Hoàn Hảo Sức Mạnh Cơ Bắp</i></h4><ul><li><strong>Đặc tính:</strong> Mô hình khắc họa rõ nét từng nhóm cơ bắp săn chắc trên thân hình Goku, từ cơ ngực, cơ bụng sáu múi đến bắp tay, bắp chân. Các đường nét gân guốc (nếu có) được thể hiện tinh tế, cho thấy sự dẻo dai và mạnh mẽ sau quá trình luyện tập khắc nghiệt.</li><li><strong>Hình ảnh:</strong> Chụp cận cảnh phần thân trên của Goku, làm nổi bật các khối cơ bắp và độ chi tiết của điêu khắc.</li></ul><h4><i>Võ Phục Tả Tơi Sau Trận Chiến</i></h4><ul><li><strong>Đặc tính:</strong> Quần võ phục của Goku được tạo hình với các vết rách, xé nát chân thực, thể hiện sự khốc liệt của những trận đấu. Các chi tiết rách và vải bay phấp phới được điêu khắc động, tăng thêm tính chân thực và kịch tính.</li><li><strong>Hình ảnh:</strong> Chụp cận cảnh phần quần võ phục bị xé rách, làm nổi bật các chi tiết đường rách và độ chân thực của chúng.</li></ul><h4><i>Thần Thái Quyết Chiến &amp; Ánh Mắt Rực Lửa:</i></h4><ul><li><strong>Đặc tính:</strong> Khuôn mặt Goku thường mang biểu cảm căng thẳng, tập trung hoặc phẫn nộ, với ánh mắt sắc bén, rực lửa, thể hiện sự quyết tâm chiến đấu đến cùng. Mái tóc có thể ở trạng thái Super Saiyan (vàng), Super Saiyan 2/3 (nếu có phiên bản đó), hoặc Super Saiyan God/Blue (nếu là trạng thái sau khi hết hiệu ứng võ phục).</li><li><strong>Hình ảnh:</strong> Chụp cận cảnh khuôn mặt và ánh mắt của Goku, làm nổi bật biểu cảm.</li></ul><h4><i>Tư Thế Động Lực, Sẵn Sàng Tung Đòn</i></h4><ul><li><strong>Đặc tính:</strong> Mô hình thường được tạo dáng trong tư thế đầy động lực, như đang dồn Ki, chuẩn bị phóng Kamehameha, hoặc tung ra một đòn đánh mạnh mẽ. Tư thế này toát lên sự mạnh mẽ, tốc độ và khả năng chiến đấu không ngừng nghỉ của Goku.</li><li><strong>Hình ảnh:</strong> Chụp toàn bộ mô hình từ các góc độ động, thể hiện tư thế bùng nổ của Goku. Có thể sử dụng hiệu ứng ánh sáng hoặc nền để tăng kịch tính.</li></ul><h4><i>Chất Liệu PVC/ABS Cao Cấp &amp; Hoàn Thiện Sơn Thủ Công:</i></h4><ul><li><strong>Đặc tính:</strong> Được sản xuất từ nhựa PVC và ABS chất lượng cao, đảm bảo độ bền và giữ màu sắc theo thời gian. Lớp sơn được thực hiện thủ công với nhiều sắc độ, tạo độ sâu và bóng bẩy cho cơ bắp, tông da và các chi tiết trang phục, giúp mô hình đạt được mức độ chân thực cao nhất.</li><li><strong>Hình ảnh:</strong> Chụp cực cận một phần nhỏ của mô hình (ví dụ: bắp tay, phần rách của quần) để thể hiện chất lượng sơn và chi tiết bề mặt.</li></ul><p>&nbsp;</p><h3><strong>Sở hữu mô hình “Son Goku - Sức Mạnh Cơ Bắp Đỉnh Cao Sau Trận Chiến” là sở hữu</strong></h3><h4>Một biểu tượng của sức mạnh vượt trội và ý chí kiên cường.</h4><h4>Một tác phẩm điêu khắc nghệ thuật thể hiện vẻ đẹp của cơ thể chiến binh.</h4><h4>Nguồn cảm hứng cho sự nỗ lực không ngừng nghỉ để đạt được mục tiêu.</h4>', 2000000.00, 'images/products/m-hnh-dragonball/m-hnh-dragonball-zsuper-son-goku-sc-mnh-c-bp-nh-cao-sau-trn-chin/main_1749548358_6847fd461babc.jpg', 16, true , '2025-06-10 09:39:18', 1850000.00, 19),
(24, 'Son Gohan - Thiên Tài Tiềm Năng & Người Bảo Vệ Công Lý', '<h2><strong>Hãy mang về không gian của bạn sức mạnh tiềm ẩn, sự tiến hóa phi thường và khí chất anh hùng của Son Gohan với mô hình chất lượng cao này – một tác phẩm điêu khắc sống động, tái hiện chân thực chiến binh Saiyan vĩ đại của Trái Đất!</strong></h2><h4>Mô hình Gohan này được chế tác tỉ mỉ, nắm bắt trọn vẹn sự phát triển từ một cậu bé nhút nhát đến một chiến binh mạnh mẽ có thể vượt qua cả cha mình. Dù ở hình thái Super Saiyan 2 phẫn nộ trong Saga Cell, hay ở trạng thái Mystic/Ultimate điềm tĩnh nhưng uy lực, đến cả hình thái Beast mới nhất, mỗi mô hình Gohan đều là biểu tượng của tiềm năng vô hạn và ý chí bảo vệ những người thân yêu.</h4><p>&nbsp;</p><h3><strong>Đặc điểm nổi bật &amp; Nét đẹp hình ảnh</strong></h3><h4><i>Bộ Trang Phục Biểu Tượng &amp; Chi Tiết Hoàn Hảo:</i></h4><ul><li><strong>Đặc tính:</strong> Trang phục được tái hiện với độ chân thực cao, từ võ phục của cha Goku (bị rách hoặc nguyên vẹn), bộ giáp Saiyaman, hoặc trang phục mới nhất trong Dragon Ball Super: Super Hero. Các nếp gấp vải, đường may, và logo (nếu có) đều được điêu khắc và sơn tỉ mỉ.</li><li><strong>Hình ảnh:</strong> Chụp cận cảnh chi tiết trang phục, làm nổi bật các đường nét và chất liệu.</li></ul><h4><i>Tư Thế Động Lực, Thể Hiện Sức Mạnh Nội Tại:</i></h4><ul><li><strong>Đặc tính:</strong> Mô hình thường được tạo dáng trong tư thế chuẩn bị hoặc đang tung ra đòn tấn công đặc trưng (ví dụ: Kamehameha cha con, Masenko, Special Beam Cannon), hoặc tư thế đứng đầy khí chất, thể hiện sự điềm tĩnh trước bão tố.</li><li><strong>Hình ảnh:</strong> Chụp toàn bộ mô hình từ các góc độ động, thể hiện tư thế bùng nổ hoặc tập trung của Gohan. Nếu có hiệu ứng Kamehameha, hãy làm nổi bật nó.</li></ul><h4><i>Chất Liệu PVC/ABS Cao Cấp &amp; Hoàn Thiện Sơn Thủ Công:</i></h4><ul><li><strong>Đặc tính:</strong> Được sản xuất từ nhựa PVC và ABS chất lượng cao, đảm bảo độ bền và giữ màu sắc theo thời gian. Lớp sơn được thực hiện thủ công với nhiều sắc độ, tạo độ sâu và bóng bẩy cho cơ bắp, tông da và các chi tiết trang phục, giúp mô hình đạt được mức độ chân thực cao nhất.</li><li><strong>Hình ảnh:</strong> Chụp cực cận một phần nhỏ của mô hình (ví dụ: bắp tay, phần tóc) để thể hiện chất lượng sơn và chi tiết bề mặt.</li></ul><p>&nbsp;</p><h3><strong>Sở hữu mô hình Son Gohan là sở hữu</strong></h3><h4>Một biểu tượng của tiềm năng vô hạn và sự tiến hóa không ngừng.</h4><h4>Một tác phẩm điêu khắc nghệ thuật tái hiện các khoảnh khắc đáng nhớ.</h4><h4>Nguồn cảm hứng cho sự phát triển bản thân và lòng dũng cảm bảo vệ những người thân yêu.</h4>', 2000000.00, 'images/products/m-hnh-dragonball/m-hnh-dragon-ball-zsuper-son-gohan-thin-ti-tim-nng-ngi-bo-v-cng-l/main_1749548556_6847fe0c3ac73.jpg', 16, false	, '2025-06-10 09:42:36', NULL, 19),
(25, ' Piccolo - Người Chiến Binh Uy Nghi Và Người Thầy Tận Tâm', '<h2><strong>Hãy mang về không gian của bạn sự uy nghi, điềm tĩnh và sức mạnh tiềm ẩn của chiến binh Namek Piccolo với mô hình chất lượng cao này – một tác phẩm điêu khắc sống động, tái hiện chân thực người thầy vĩ đại và người bảo vệ đáng tin cậy của Trái Đất!</strong></h2><h4>Mô hình Piccolo này được chế tác tỉ mỉ, nắm bắt trọn vẹn vẻ ngoài nghiêm nghị, khí chất mạnh mẽ và vai trò không thể thiếu của anh trong vũ trụ Dragon Ball. Dù là trong bộ võ phục truyền thống, với áo choàng và mũ đặc trưng, hay trong những tư thế chiến đấu đầy uy lực, mỗi mô hình Piccolo đều là biểu tượng của sự kiên cường, trí tuệ và sự hy sinh cao cả.</h4><p>&nbsp;</p><h3><strong>Đặc điểm nổi bật &amp; Nét đẹp hình ảnh</strong></h3><h4><i>Thiết Kế Tái Hiện Chân Thực &amp; Biểu Cảm Sâu Sắc:</i></h4><ul><li><strong>Đặc tính:</strong> Mô hình khắc họa Piccolo với độ chính xác cao từ khuôn mặt nghiêm nghị, sắc thái da xanh lá đặc trưng, đến tai nhọn và các đường vân trên cánh tay. Ánh mắt thường sắc lạnh, đầy tính toán hoặc tập trung cao độ.</li><li><strong>Hình ảnh:</strong> Chụp cận cảnh khuôn mặt và đôi tai nhọn của Piccolo, làm nổi bật biểu cảm nghiêm nghị. Chụp từ nhiều góc độ để làm nổi bật hình dáng tổng thể.</li></ul><h4><i>Trang Phục Biểu Tượng &amp; Chi Tiết Hoàn Hảo:</i></h4><ul><li><strong>Đặc tính:</strong> Piccolo thường xuất hiện trong bộ võ phục màu tím hoặc xanh đậm, với áo choàng và mũ trắng/vàng đặc trưng có thể tháo rời. Các nếp gấp vải trên trang phục, đường may, và các chi tiết nhỏ như đai lưng, vòng tay đều được điêu khắc và sơn tỉ mỉ, tạo cảm giác chân thực về chất liệu và độ bền.</li><li><strong>Hình ảnh:</strong> Chụp cận cảnh chi tiết trang phục, đặc biệt là áo choàng và mũ (nếu có thể tháo rời). Có thể chụp Piccolo có và không có áo choàng để minh họa sự linh hoạt.</li></ul><h4><i>Tư Thế Động Lực, Thể Hiện Sức Mạnh Kiềm Chế Hoặc Bùng Nổ:</i></h4><ul><li><strong>Đặc tính:</strong> Mô hình có thể thể hiện Piccolo trong nhiều tư thế khác nhau: từ tư thế đứng hiên ngang, điềm tĩnh nhưng đầy uy lực, tư thế chuẩn bị hoặc đang phóng Special Beam Cannon (Makankōsappō) với ngón tay đặc trưng, hoặc tư thế chiến đấu nhanh nhẹn.</li><li><strong>Hình ảnh:</strong> Chụp toàn bộ mô hình từ các góc độ động, thể hiện tư thế bùng nổ hoặc tập trung của Piccolo. Nếu có hiệu ứng Special Beam Cannon, hãy làm nổi bật nó.</li></ul><h4><i>Chất Liệu PVC/ABS Cao Cấp &amp; Hoàn Thiện Sơn Thủ Công:</i></h4><ul><li><strong>Đặc tính:</strong> Được sản xuất từ nhựa PVC và ABS chất lượng cao, đảm bảo độ bền và giữ màu sắc theo thời gian. Lớp sơn được thực hiện thủ công với nhiều sắc độ, tạo độ sâu và bóng bẩy cho tông da xanh, các chi tiết trang phục và các vết nổi trên cơ thể, giúp mô hình đạt được mức độ chân thực cao nhất.</li><li><strong>Hình ảnh:</strong> Chụp cực cận một phần nhỏ của mô hình (ví dụ: cánh tay, phần giáp vai) để thể hiện chất lượng sơn và chi tiết bề mặt.</li></ul><p>&nbsp;</p><h3><strong>Sở hữu mô hình “DragonBall Z/Super: Piccolo - Người Chiến Binh Uy Nghi Và Người Thầy Tận Tâm” là sở hữu</strong></h3><h4>Một biểu tượng của sự phát triển nhân vật và lòng trung thành.</h4><h4>Một tác phẩm điêu khắc nghệ thuật thể hiện vẻ đẹp của một chiến binh uy nghiêm.</h4><h4>Nguồn cảm hứng cho sự kiên trì, kỷ luật và tinh thần bảo vệ lẽ phải.</h4>', 1900000.00, 'images/products/m-hnh-dragonball/m-hnh-dragonball-zsuper-piccolo-ngi-chin-binh-uy-nghi-v-ngi-thy-tn-tm/main_1749548779_6847feebecf63.jpg', 16, false, '2025-06-10 09:46:19', NULL, 19),
(26, 'Itachi Uchiha - Thiên Tài Bóng Tối & Gánh Nặng Gia Tộc', '<h2><strong>Hãy mang về không gian của bạn sự uy nghi, vẻ đẹp lạnh lùng và khí chất bí ẩn của Itachi Uchiha với mô hình chất lượng cao này – một tác phẩm điêu khắc sống động, tái hiện chân thực thiên tài của gia tộc Uchiha và thành viên Akatsuki huyền thoại!</strong></h2><h4>Mô hình Itachi Uchiha này được chế tác tỉ mỉ, nắm bắt trọn vẹn vẻ ngoài điềm tĩnh, ánh mắt sâu thẳm và sức mạnh ẩn giấu của anh. Dù là trong chiếc áo choàng đặc trưng của Akatsuki, với mái tóc dài và chiếc nhẫn ngón tay, hay trong những tư thế chiến đấu đầy uy lực khi sử dụng Sharingan, mỗi mô hình Itachi đều là biểu tượng của sự hy sinh thầm lặng, trí tuệ vượt trội và bi kịch của số phận.</h4><p>&nbsp;</p><h3><strong>Đặc điểm nổi bật &amp; Nét đẹp hình ảnh</strong></h3><h4><i>Thiết Kế Tái Hiện Chân Thực &amp; Biểu Cảm Sâu Sắc:</i></h4><ul><li><strong>Đặc tính:</strong> Mô hình khắc họa Itachi với độ chính xác cao từ khuôn mặt biểu cảm (thường là trầm tĩnh, lạnh lùng, hoặc đôi khi phảng phất nỗi buồn), mái tóc đen dài được tạo hình động, và vóc dáng thon gọn nhưng đầy sức mạnh.</li><li><strong>Hình ảnh:</strong> Chụp cận cảnh khuôn mặt và ánh mắt của Itachi, làm nổi bật đôi mắt Sharingan/Mangekyo Sharingan (nếu có hiệu ứng đó). Chụp từ nhiều góc độ để làm nổi bật hình dáng tổng thể.</li></ul><h4><i>Trang Phục Akatsuki Biểu Tượng &amp; Chi Tiết Hoàn Hảo:</i></h4><ul><li><strong>Đặc tính:</strong> Chiếc áo choàng đen với họa tiết mây đỏ đặc trưng của Akatsuki được tái hiện sống động, với các nếp gấp vải tự nhiên và hiệu ứng chuyển động. Các chi tiết nhỏ như vòng cổ, băng đầu làng Lá bị gạch ngang, và chiếc nhẫn Akatsuki trên ngón tay đều được điêu khắc và sơn tỉ mỉ.</li><li><strong>Hình ảnh:</strong> Chụp cận cảnh chi tiết áo choàng Akatsuki, làm nổi bật họa tiết mây đỏ và độ chân thực của vải. Chụp cận cảnh chiếc nhẫn và băng đầu.</li></ul><h4><i>Tư Thế Động Lực &amp; Khí Chất Ninja:</i></h4><ul><li><strong>Đặc tính:</strong> Mô hình có thể thể hiện Itachi trong nhiều tư thế khác nhau: từ tư thế đứng thi triển thuật, chuẩn bị phóng shuriken/kunai, tư thế sử dụng Mangekyo Sharingan (như Amaterasu hay Tsukuyomi), hoặc tư thế chiến đấu nhanh nhẹn. Mỗi tư thế đều toát lên sự mạnh mẽ, tốc độ và khả năng chiến đấu bậc thầy của anh.</li><li><strong>Hình ảnh:</strong> Chụp toàn bộ mô hình từ các góc độ động, thể hiện tư thế bùng nổ hoặc tập trung của Itachi. Nếu có hiệu ứng Jutsu, hãy làm nổi bật nó.</li></ul><h4><i>Chất Liệu PVC/ABS Cao Cấp &amp; Hoàn Thiện Sơn Thủ Công:</i></h4><ul><li><strong>Đặc tính:</strong> Được sản xuất từ nhựa PVC và ABS chất lượng cao, đảm bảo độ bền và giữ màu sắc theo thời gian. Lớp sơn được thực hiện thủ công với nhiều sắc độ, tạo độ sâu và bóng bẩy cho tông da, trang phục và các chi tiết, giúp mô hình đạt được mức độ chân thực cao nhất.</li><li><strong>Hình ảnh:</strong> Chụp cực cận một phần nhỏ của mô hình (ví dụ: bàn tay, phần áo choàng) để thể hiện chất lượng sơn và chi tiết bề mặt.</li></ul><p>&nbsp;</p><h3><strong>Sở hữu mô hình “Itachi Uchiha - Thiên Tài Bóng Tối &amp; Gánh Nặng Gia Tộc” là sở hữu</strong></h3><h4>Một biểu tượng của sự hy sinh cao cả, trí tuệ và sức mạnh.</h4><h4>Một tác phẩm điêu khắc nghệ thuật tái hiện vẻ đẹp bi tráng của nhân vật.</h4><h4>Nguồn cảm hứng cho lòng trung thành và ý chí bảo vệ những điều quan trọng.</h4>', 3500000.00, 'images/products/m-hnh-naruto/m-hnh-naruto-shippuden-itachi-uchiha-thin-ti-bng-ti-gnh-nng-gia-tc/main_1749576887_68486cb7685e0.jpg', 17, true, '2025-06-10 17:34:47', 2850000.00, 19),
(27, 'Sasuke Uchiha - Biểu Tượng Của Thiện & Ác, Kẻ Sĩ Của Làng Lá', '<h2><strong>Hãy mang về không gian của bạn sức mạnh, sự lạnh lùng và khí chất đầy cuốn hút của Sasuke Uchiha với mô hình chất lượng cao này – một tác phẩm điêu khắc sống động, tái hiện chân thực hậu duệ cuối cùng của gia tộc Uchiha và Sharingan vĩ đại!</strong></h2><h4>Mô hình Sasuke Uchiha này được chế tác tỉ mỉ, nắm bắt trọn vẹn vẻ ngoài lịch lãm nhưng ẩn chứa sự căm hờn, quyết tâm và cuối cùng là sự bảo vệ làng Lá. Dù ở bất kỳ hình thái nào – từ những ngày đầu với Sharingan, đến sức mạnh của Mangekyo Sharingan và Rinnegan, hay dáng vẻ trưởng thành sau này – mỗi mô hình Sasuke đều là biểu tượng của một hành trình đầy biến động, khát vọng sức mạnh và ý chí bảo vệ công lý theo cách riêng của mình.</h4><h3><strong>Đặc điểm nổi bật &amp; Nét đẹp hình ảnh</strong></h3><h4><i>Thiết Kế Tái Hiện Chân Thực &amp; Biểu Cảm Mạnh Mẽ:</i></h4><ul><li><strong>Đặc tính:</strong> Mô hình khắc họa Sasuke với độ chính xác cao từ khuôn mặt biểu cảm (thường là lạnh lùng, sắc sảo, tập trung, hoặc đôi khi phảng phất nỗi buồn nội tâm), mái tóc đen vuốt ngược đặc trưng, và vóc dáng thon gọn nhưng đầy sức mạnh.</li><li><strong>Hình ảnh:</strong> Chụp cận cảnh khuôn mặt và ánh mắt của Sasuke, làm nổi bật đôi mắt Sharingan/Rinnegan (nếu có hiệu ứng đó). Chụp từ nhiều góc độ để làm nổi bật hình dáng tổng thể.</li></ul><h4><i>Trang Phục Biểu Tượng &amp; Chi Tiết Hoàn Hảo:</i></h4><ul><li><strong>Đặc tính:</strong> Trang phục được tái hiện sống động, từ bộ đồ truyền thống của tộc Uchiha, trang phục của Hebi/Taka với dây lưng thừng và áo choàng, đến trang phục du hành sau này với áo choàng rách rưới. Các nếp gấp vải, đường may, và các chi tiết như đai lưng, dây buộc đều được điêu khắc và sơn tỉ mỉ.</li><li><strong>Hình ảnh:</strong> Chụp cận cảnh chi tiết trang phục, làm nổi bật các đường nét và chất liệu. Có thể chụp cận cảnh áo choàng rách (nếu có).</li></ul><h4><i>Tư Thế Động Lực &amp; Khí Chất Ninja Hàng Đầu:</i></h4><ul><li><strong>Đặc tính:</strong> Mô hình có thể thể hiện Sasuke trong nhiều tư thế khác nhau: từ tư thế chuẩn bị thi triển Chidori/Kirin, tư thế vung kiếm Kusanagi, tư thế sử dụng các nhẫn thuật lửa, hoặc tư thế đứng đầy tự tin và uy lực. Mỗi tư thế đều toát lên sự mạnh mẽ, tốc độ và khả năng chiến đấu đỉnh cao của anh.</li><li><strong>Hình ảnh:</strong> Chụp toàn bộ mô hình từ các góc độ động, thể hiện tư thế bùng nổ hoặc tập trung của Sasuke. Nếu có hiệu ứng Jutsu, hãy làm nổi bật nó.</li></ul><h4><i>Vũ Khí Biểu Tượng - Kiếm Kusanagi:</i></h4><ul><li><strong>Đặc tính:</strong> Thanh kiếm Kusanagi của Sasuke được tái tạo sắc bén, với bao kiếm và chuôi kiếm được điêu khắc chi tiết, toát lên vẻ nguy hiểm và sự linh hoạt của anh khi sử dụng kiếm thuật.</li><li><strong>Hình ảnh:</strong> Chụp cận cảnh thanh kiếm Kusanagi, làm nổi bật chi tiết của nó.</li></ul><h4><i>Chất Liệu PVC/ABS Cao Cấp &amp; Hoàn Thiện Sơn Thủ Công:</i></h4><ul><li><strong>Đặc tính:</strong> Được sản xuất từ nhựa PVC và ABS chất lượng cao, đảm bảo độ bền và giữ màu sắc theo thời gian. Lớp sơn được thực hiện thủ công với nhiều sắc độ, tạo độ sâu và bóng bẩy cho tông da, trang phục và các chi tiết, giúp mô hình đạt được mức độ chân thực cao nhất.</li><li><strong>Hình ảnh:</strong> Chụp cực cận một phần nhỏ của mô hình (ví dụ: bàn tay, phần kiếm) để thể hiện chất lượng sơn và chi tiết bề mặt.</li></ul><h3><strong>Sở hữu mô hình “Sasuke Uchiha - Biểu Tượng Của Thiện &amp; Ác, Kẻ Sĩ Của Làng Lá” là sở hữu</strong></h3><h4>Một biểu tượng của sức mạnh, sự tiến hóa và hành trình tìm kiếm ý nghĩa.</h4><h4>Một tác phẩm điêu khắc nghệ thuật thể hiện vẻ đẹp lạnh lùng và khí chất mạnh mẽ.</h4><h4>Nguồn cảm hứng cho sự kiên trì theo đuổi mục tiêu và bảo vệ những giá trị cốt lõi.</h4>', 3000000.00, 'images/products/m-hnh-naruto/m-hnh-naruto-shippuden-sasuke-uchiha-biu-tng-ca-thin-c-k-s-ca-lng-l/main_1749578537_6848732990d9a.jpg', 17, true, '2025-06-10 18:02:17', 2450000.00, 19),
(28, 'Bàn phím cơ Aula S2022 Blue Switch', '<h2><strong>Bàn phím cơ AULA S2022 Blue Switch – Trải nghiệm gõ phím thoải mái</strong></h2><h4>Bàn phím cơ AULA S2022 Blue Switch là sản phẩm bàn phím cơ có đèn LED cùng switch chất lượng cao. Bàn phím mang lại cho người dùng những trải nghiệm gõ thoải mái và bền bỉ.</h4><h3><strong>Blue Switch vui tai, lực nhấn 50g</strong></h3><h4>AULA S2022 sử dụng Blue Switch nổi tiếng với cảm giác gõ phím clicky và âm thanh đặc trưng. Khi nhấn xuống, người dùng có thể cảm nhận một cú nhấn rõ ràng và có tiếng click.&nbsp;</h4><h4>Điều này không chỉ tạo ra cảm giác gõ phím thú vị mà còn giúp người dùng nhận biết rõ ràng mỗi lần nhấn phím. Blue Switch cũng có lực nhấn 50g, tương đối nhạy và dễ dàng điều khiển.</h4><h3><strong>Kết nối có dây tiện lợi, không sợ hết pin</strong></h3><h4><strong>Bàn phím cơ AULA S2022 Blue Switch </strong>được kết nối thông qua dây cắm USB 2.0. Kết nối USB cung cấp đường truyền tín hiệu tin cậy và nhanh chóng, giúp truyền dữ liệu một cách hiệu quả.</h4><h4>Với tốc độ truyền dữ liệu cao, bạn có thể trải nghiệm gõ phím mượt mà và không gặp độ trễ. Đơn giản chỉ cần cắm dây USB vào cổng USB trên máy tính và bàn phím sẽ được kết nối tức thì.</h4><h2><strong>Mua ngay bàn phím cơ AULA S2022 Blue Switch chính hãng tại Nexorevn E-commerce</strong></h2><h4>Khi bạn mua <strong>bàn phím cơ AULA S2022 Blue Switch </strong>tại Nexorevn E-commerce, bạn có thể yên tâm về tính chính hãng của sản phẩm. Bạn sẽ được trải nghiệm những tính năng và hiệu suất tuyệt vời của bàn phím cơ AULA S2022 mà không phải lo lắng về chất lượng hay độ tin cậy.&nbsp;</h4><p>&nbsp;</p><p><br>&nbsp;</p>', 700000.00, 'images/products/bn-phm-aula/bn-phm-c-aula-s2022-blue-switch/main_1749578901_684874952d9d5.jpg', 19, true, '2025-06-10 18:08:21', 449000.00, 20),
(29, ' Bàn phím cơ không dây AULA F75 đen', '<h2><strong>Bàn phím cơ không dây Aula F75 Đen - Phản hồi nhanh, đèn nền RGB sống động</strong></h2><h4>Bàn phím cơ không dây Aula F75 Đen mang đến trải nghiệm gõ phím tuyệt vời với switch Grey Wood V3 êm ái. Kết hợp cùng đó là đèn nền RGB sống động, biến không gian làm việc của mọi người càng trở nên thật sự ấn tượng.</h4><h3><i><strong>Layout gọn gàng mang đến vẻ đẹp hiện đại</strong></i></h3><h4>Bàn phím cơ không dây Aula F75 Đen là một sự kết hợp giữa thiết kế hiện đại và công nghệ tiên tiến. Với thiết kế 80 phím gọn gàng, Aula F75 mang đến vẻ ngoài tinh tế và chuyên nghiệp. Đèn nền RGB tùy chỉnh đa màu sắc không chỉ làm tăng tính thẩm mỹ mà còn tạo ra hiệu ứng thị giác bắt mắt. Tất cả sẽ mang đến trải nghiệm gõ phím tuyệt vời hơn cho người dùng.</h4><h3><i><strong>Keycap PBT bền bỉ cùng switch Grey Wood V3 êm ái</strong></i></h3><h4>Bàn phím cơ không dây Aula F75 Đen có keycap làm từ nhựa PBT với khả năng hạn chế mài mòn bền bỉ. Đặc biệt, hãng còn sử dụng loại switch Grey Wood V3 êm ái, giúp người dùng có được trải nghiệm gõ phím với hiệu ứng Linear độc đáo. Mỗi lần nhấn phím, người dùng cũng sẽ có được phản hồi nhanh nhạy, giúp tăng hiệu suất làm việc và giải trí một cách trọn vẹn.</h4><h2><strong>Mua bàn phím cơ không dây Aula F75 Đen giá ưu đãi ở Nexorevn E-commerce</strong></h2><h4>Còn chần chừ gì nữa mà không sở hữu ngay bàn phím cơ không dây Aula F75 Đen với giá ưu đãi hấp dẫn tại Nexore E-commerce!&nbsp;</h4>', 1499000.00, 'images/products/bn-phm-aula/bn-phm-c-khng-dy-aula-f75-en/main_1749579201_684875c14683f.jpg', 19, true, '2025-06-10 18:13:21', 1059000.00, 20),
(30, 'Bàn phím không dây Aula F75 Max Glacier Blue', '<h2><strong>Bàn phím không dây Aula F75 Max Glacier Blue - 3 chế độ kết nối, gõ siêu êm ái</strong></h2><h4>Bàn phím không dây Aula F75 Max Glacier Blue là một sản phẩm cơ học cao cấp trong phân khúc giá rẻ, nổi bật với trải nghiệm gõ cùng kết nối 3 chế độ. Sản phẩm bàn phím Aula này sử dụng switch Reaper linear êm ái, hot-swap tiện tùy chỉnh và đèn RGB 16,8 triệu màu.</h4><h3><i><strong>Hiệu ứng RGB đẹp mắt cùng 16 chế độ tùy chỉnh</strong></i></h3><h4>Bàn phím không dây Aula F75 Max Glacier Blue sở hữu thiết kế 75% (80 phím) với phối màu Glacier Blue ấn tượng. Kết hợp với đó là đèn nền RGB 16,8 triệu màu xuyên qua keycap, với 16 chế độ khác nhau.</h4><h4>Về kết nối, F75 Max hỗ trợ 3 chế độ: Type-C có dây, không dây 2.4G và Bluetooth, cho phép chuyển đổi linh hoạt giữa các thiết bị. Pin 4000mAh kết hợp cổng sạc Type-C hiện đại đảm bảo sử dụng lâu dài và tiện lợi, có thể vừa sạc vừa dùng.&nbsp;</h4><p>&nbsp;</p><figure class="image image-style-side"><img src="https://cdn2.cellphones.com.vn/insecure/rs:fill:0:358/q:90/plain/https://cellphones.com.vn/media/catalog/product/f/r/frame_379_17_.png" alt="/f/r/frame_379_17_.png1"></figure><h3><i><strong>Gõ mượt với Switch Reaper linear</strong></i></h3><h4>Bàn phím không dây Aula F75 Max Glacier Blue sử dụng keycap PBT chất lượng cao, bền bỉ, chống mài mòn và mang lại cảm giác gõ thoải mái. Tính năng hot-swap cho phép thay đổi switch một cách linh hoạt, kết hợp với keycap được thiết kế riêng cho layout 75% công năng.</h4><p>&nbsp;</p><h4>Đặc biệt, Switch Reaper linear trên F75 Max có hành trình phím 4.0mm, mang lại cảm giác gõ êm ái, mượt mà với âm thanh nhẹ nhàng. Độ bền 60 triệu lần bấm cùng lực nhấn vừa phải giúp mỗi cú gõ đều chính xác và thoải mái.</h4><h2><strong>Mua bàn phím không dây Aula F75 Max Glacier Blue chính hãng tại Nexorevn E-commerce</strong></h2><h4>Bàn phím không dây Aula F75 Max Glacier Blue chính hãng đã có mặt tại Nexore E-commerce.&nbsp;</h4>', 1690000.00, 'images/products/bn-phm-aula/bn-phm-khng-dy-aula-f75-max-glacier-blue/main_1749579695_684877af12847.jpg', 19, true, '2025-06-10 18:20:21', 1450000.00, 20),
(31, 'Bàn phím cơ không dây Aula F75 Đen Hồng Gradient', '<h2><strong>Bàn phím cơ không dây AULA F75 đen hồng gradient: Bàn phím đẳng cấp cho dân văn phòng và game thủ</strong></h2><h4>AULA F75 đen hồng gradient đang là sản phẩm thu hút nhiều sự chú ý bởi màu sắc độc đáo, cùng với khả năng gõ mượt mà từ bộ keycap và hệ thống đèn LED RGB rực rỡ. Tìm hiểu ngay những tính năng cao cấp nhất của bàn phím Aula trong bài viết dưới đây.</h4><h3><strong>Thiết kế màu thời thượng, đèn nền RGB nổi bật</strong></h3><h4>Bàn phím cơ không dây AULA F75 đen hồng gradient sở hữu thiết kế nhỏ gọn, tối ưu không gian nhưng vẫn đảm bảo đầy đủ phím chức năng. Màu chủ đạo là đen - hồng gradient tạo điểm nhấn cá tính, phù hợp với các game thủ hoặc người dùng ưa thích các màu độc đáo.</h4><figure class="image"><img src="https://cdn2.cellphones.com.vn/insecure/rs:fill:0:358/q:90/plain/https://cellphones.com.vn/media/catalog/product/b/a/ban-phim-co-khong-day-aula-f75-den-hong-gradient_2_.png" alt="/b/a/ban-phim-co-khong-day-aula-f75-den-hong-gradient_2_.png0"></figure><h4>Hệ thống đèn nền RGB tích hợp giúp tùy chỉnh nhiều hiệu ứng khác nhau, mang đến trải nghiệm sử dụng ấn tượng. Ánh sáng xuyên qua keycap giúp thao tác dễ dàng hơn khi ở không gian tối hoặc thiếu sáng.</h4><h3><strong>Keycap bền bỉ, switch bàn phím nhạy bén</strong></h3><h4>Nhờ sử dụng keycap PBT double-shot chất lượng cao, bàn phím cơ không dây AULA F75 đen hồng gradient có thể hạn chế mài mòn và không bị bóng theo thời gian. Cấu trúc keycap có độ dày vừa phải, tạo cảm giác gõ chắc chắn, thoải mái.</h4><p><img src="https://cdn2.cellphones.com.vn/insecure/rs:fill:0:358/q:90/plain/https://cellphones.com.vn/media/catalog/product/b/a/ban-phim-co-khong-day-aula-f75-den-hong-gradient_4_.png" alt="/b/a/ban-phim-co-khong-day-aula-f75-den-hong-gradient_4_.png2"></p><h4>Switch cơ học cao cấp cho tốc độ phản hồi nhanh, có độ bền lên tới 60 triệu lần nhấn, phù hợp cho cả làm việc và chơi game. Ngoài ra, sản phẩm còn hỗ trợ hot-swappable, giúp người dùng thay thế switch tùy ý theo sở thích.</h4><h3><strong>Kết cấu nhỏ gọn, tiện dụng</strong></h3><h4>Bàn phím cơ không dây AULA F75 đen hồng gradient có cấu trúc rút gọn với layout 75%, vừa tiết kiệm diện tích vừa giữ nguyên dãy phím chức năng. Kiểu dáng nhỏ gọn này mang lại sự linh hoạt khi sử dụng, đặc biệt phù hợp với không gian làm việc hoặc góc chơi game tối giản.&nbsp;</h4><figure class="image"><img src="https://cdn2.cellphones.com.vn/x/media/catalog/product/b/a/ban-phim-co-khong-day-aula-f75-den-hong-gradient_5_.png"></figure><h4>AULA F75 gọn nhẹ còn giúp người dùng dễ dàng mang theo, tăng độ tiện dụng . Đồng thời, phần case được hoàn thiện chắc chắn, tạo cảm giác cao cấp và bền bỉ theo thời gian.</h4><h4><strong>Kết nối linh hoạt đa chế độ</strong></h4><h4>Ưu điểm nổi trội khác của bàn phím cơ không dây AULA F75 đen hồng gradient là khả năng kết nối đa dạng. AULA F75 có thể kết nối qua Bluetooth, Wireless 2.4GHz và có dây USB-C, đảm bảo tương thích với nhiều thiết bị khác nhau như laptop, PC, máy tính bảng.</h4><h4>Ngoài ra, kết nối không dây cũng rất ổn định, độ trễ thấp, giúp trải nghiệm gõ phím mượt mà hơn. Bàn phím hỗ trợ chuyển đổi giữa các chế độ nhanh chóng và đơn giản, giúp tối ưu hiệu suất làm việc và giải trí.</h4><h2><strong>Mua bàn phím cơ không dây AULA F75 đen hồng gradient chất lượng tại Nexorevn E-commerce</strong></h2><h4>Bàn phím cơ không dây AULA F75 đen hồng gradient sở hữu thiết kế và màu sắc hiện đại, hệ thống đèn RGB ấn tượng cùng khả năng kết nối linh hoạt. Sản phẩm là thiết bị thực sự đáng giá dành cho những người dùng ưa thích sự trẻ trung, phong cách. Nexorevn E-commerce hiện đang cung cấp AULA F75 chính hãng với nhiều khuyến mãi độc quyền và bảo hành uy tín.</h4>', 1890000.00, 'images/products/bn-phm-aula/bn-phm-c-khng-dy-aula-f75-en-hng-gradient/main_1749580360_68487a4820833.png', 19, false, '2025-06-10 18:32:40', 1290000.00, 20),
(32, ' Bàn phím cơ không dây AULA F68 Pro Ice Crystal Switch', '<h2><strong>Bàn phím cơ không dây Aula F68 Crystal Switch - Tạo hình trong suốt bắt mắt, hiệu ứng LED RGB lung linh</strong></h2><h4><strong>Bàn phím cơ không dây Aula F68 Crystal Switch </strong>đại diện cho sự kết hợp xuất sắc giữa tạo hình bên ngoài hiện đại và công nghệ tiên tiến. Thế hệ bàn phím Aula này không chỉ thu hút người dùng bởi kiểu dáng đẹp mắt mà còn bởi khả năng phục vụ đa dạng nhu cầu sử dụng từ làm việc đến giải trí, nhờ vào cấu hình mạnh mẽ và độ bền cao. Cùng mình tìm hiểu chi tiết về dòng bàn phím cơ không dây Aula này ngay trong bài viết dưới đây bạn nhé!</h4><h3><strong>Dễ dàng thu hút mọi sự chú ý với kiểu dáng trong suốt và LED RGB rực rỡ</strong></h3><h4>Thiết kế của bàn phím Aula F68 Crystal Switch phá vỡ mọi giới hạn về tạo hình truyền thống với kiểu dáng trong suốt độc đáo và cực kỳ ấn tượng. Mỗi chi tiết được thiết kế tỉ mỉ, từ keycap nhựa PC cho đến hệ thống đèn LED RGB đa màu sắc, tạo ra không gian làm việc và giải trí sống động, cá tính. Hệ thống đèn này không chỉ làm đẹp, trang trí thêm cho góc làm việc, giải trí cá nhân mà còn giúp người dùng dễ dàng sử dụng trong điều kiện ánh sáng yếu.</h4><figure class="image"><img src="https://cdn2.cellphones.com.vn/x/media/catalog/product/f/r/frame_379_99_.png"></figure><h3><strong>Cải tiến trải nghiệm gõ phím ổn định, mượt mà hơn với switch, keycaps xịn</strong></h3><h4>Bàn phím Aula F68 Crystal Switch mang lại trải nghiệm gõ phím mượt mà và thoải mái nhờ vào loại switch ICE crystal. Đi kèm với đó là hiệu ứng âm thanh khi gõ phím chuẩn Linear, kết hợp với khả năng hot swap, cho phép người dùng tùy chỉnh theo sở thích cá nhân. Sự linh hoạt trong cấu hình cùng với độ phản hồi nhanh chóng từ các phím giúp nâng cao hiệu suất làm việc và trải nghiệm giải trí.</h4><figure class="image"><img src="https://cdn2.cellphones.com.vn/x/media/catalog/product/f/r/frame_379_-_2025-05-13t091958.026.png"></figure><h2><strong>Mua bàn phím cơ không dây Aula F68 Crystal Switch tại Nexorevn E-commerce</strong></h2><h4>Nếu bạn đang tìm kiếm một địa chỉ mua sắm bàn phím cơ không dây Aula F68 Crystal Switch chất lượng, giá ưu đãi thì Nexore E-commerce chính là điểm đến mua sắm không thể bỏ lỡ.</h4>', 2290000.00, 'images/products/bn-phm-aula/bn-phm-c-khng-dy-aula-f68-pro-ice-crystal-switch/main_1749580978_68487cb22d8af.png', 19, false, '2025-06-10 18:42:58', 1850000.00, 20),
(33, 'Bàn phím cơ Asus Rog Azoth đen', '<h2><strong>Bàn phím Gaming Asus ROG Azoth đen – Tập trung chơi game, thao tác chuẩn xác</strong></h2><h4>Bàn phím Gaming Asus ROG Azoth đen có kiểu dáng sang trọng tích hợp màn hình OLED độc đáo tùy biến bàn phím linh hoạt. Bàn phím được trang bị switch Snow cho âm thanh trong trẻo cùng phản hồi chuẩn xác, không độ trễ với hành trình phím 1.8mm.</h4><h3><strong>Bàn phím Gasket-Mount 3 lớp giảm chấn, tích hợp màn hình OLED độc đáo</strong></h3><h4>Bàn phím Gaming Asus ROG Azoth đen có thiết kế Gasket-Mount gồm 3 lớp đệm giảm chấn để mang đến cảm giác gõ êm ái. Cấu tạo bàn phím gồm lớp foam silicone chống rung, lớp foam PORON, lớp silicone và đệm silicone cho trải nghiệm gõ phím cực đã đồng thời giảm thiểu tiếng ồn.</h4><p><img src="https://cdn2.cellphones.com.vn/insecure/rs:fill:0:0/q:90/plain/https://cellphones.com.vn/media/wysiwyg/phu-kien/Ban-phim/Asus/ban-phim-gaming-asus-rog-azoth-den-1.jpg" alt="Thiết kế bàn phím Gaming Asus ROG Azoth đen"></p><h4>Điểm độc đáo trong thiết kế của bàn phím Asus ROG Azoth chính là được tích hợp màn hình OLED hiển thị các trạng thái bàn phím như Caps Lock, chế độ đang kết nối, chế độ PC/Mac. Ngoài ra bàn phím còn trang bị nút Knob để tùy biến như tăng/giảm âm lượng, đèn nền,….</h4><h3><strong>Switch Snow cùng hot-swappable cho âm thanh “thocky” êm tai, thay đổi dễ dàng</strong></h3><h4>Bàn phím Gaming Asus ROG Azoth đen được trang bị switch&nbsp;cơ ROG NX độc quyền có hành trình phím 1.8mm phản hồi tức thì và không quá ồn để bạn tập trung vào trận game, phù hợp làm việc văn phòng, nhập liệu văn bản.&nbsp;</h4><p><img src="https://cdn2.cellphones.com.vn/insecure/rs:fill:0:0/q:90/plain/https://cellphones.com.vn/media/wysiwyg/phu-kien/Ban-phim/Asus/ban-phim-gaming-asus-rog-azoth-den-2.jpg" alt="Switch của bàn phím Gaming Asus ROG Azoth đen"></p><h4>Bên cạnh đó, bàn phím hot-swappable hỗ trợ người dùng có thể thay đổi switch khác một cách nhanh chóng. Bạn không cần hàn switch mà đơn giản chỉ cần tháo lắp là xong, thoải mái custom bàn phím với switch và loại keycap yêu thích.</h4><h2><strong>Mua bàn phím Gaming Asus ROG Azoth đen giá ưu đãi tại Nexorevn E-commerce</strong></h2><h4><strong>Bàn phím Gaming Asus ROG Azoth đen </strong>chính là lựa chọn tuyệt hảo dành cho những ai đam mê sưu tầm bàn phím hay đang tìm một chiếc bàn phím cao cấp cho trải nghiệm êm ái.</h4>', 6990000.00, 'images/products/bn-phm-asus/bn-phm-c-asus-rog-azoth-en/main_1749581384_68487e4848545.png', 20, false, '2025-06-10 18:49:44', 5990000.00, 21),
(34, 'USS Enterprise (CV-6) - "Grey Ghost" - Sức Mạnh Bất Diệt Của Hạm Đội', '<h4><strong>Chào đón biểu tượng của sức mạnh và lòng dũng cảm, tàu sân bay huyền thoại USS Enterprise, giờ đây tái hiện dưới hình dạng mô hình chất lượng cao này – một tác phẩm điêu khắc sống động, mang vẻ đẹp oai vệ và khí chất của "Grey Ghost" về bộ sưu tập của bạn!</strong></h4><h4>Mô hình Enterprise này được chế tác tỉ mỉ, nắm bắt trọn vẹn vẻ ngoài thanh lịch nhưng đầy quyết đoán, cùng với sức mạnh phi thường của cô ấy trong vai trò tàu sân bay hùng mạnh nhất. Từ mái tóc bạc đặc trưng, trang phục chiến đấu độc đáo, đến cây cung biểu tượng và các chi tiết máy bay đi kèm, mọi chi tiết đều được chăm chút để mang đến một Enterprise chân thực và đầy cuốn hút.</h4><h3><strong>Đặc điểm nổi bật &amp; Nét đẹp hình ảnh</strong></h3><h4><i>Thiết Kế Tái Hiện Chân Thực &amp; Biểu Cảm Mạnh Mẽ:</i></h4><ul><li><strong>Đặc tính:</strong> Mô hình khắc họa Enterprise với độ chính xác cao từ khuôn mặt biểu cảm (thường là nghiêm nghị, tập trung, hoặc đôi khi phảng phất sự mệt mỏi sau chiến trận), mái tóc bạc dài được tạo hình động, và vóc dáng mảnh mai nhưng toát lên sức mạnh.</li><li><strong>Hình ảnh:</strong> Chụp cận cảnh khuôn mặt và mái tóc bạc của Enterprise. Chụp từ nhiều góc độ để làm nổi bật hình dáng tổng thể và thần thái của cô ấy.</li></ul><h4><i>Trang Phục Chiến Đấu Độc Đáo &amp; Chi Tiết Hoàn Hảo:</i></h4><ul><li><strong>Đặc tính:</strong> Trang phục chiến đấu của Enterprise, thường là sự kết hợp giữa áo khoác dài, quần bó sát và các chi tiết giáp, được tái hiện sống động với các nếp gấp vải tự nhiên và độ phồng. Các chi tiết như dây đai, túi, và phù hiệu đều được điêu khắc và sơn tỉ mỉ.</li><li><strong>Hình ảnh:</strong> Chụp cận cảnh chi tiết trang phục, làm nổi bật các đường nét và chất liệu.</li></ul><h4><i>Vũ Khí Biểu Tượng - Cung &amp; Mũi Tên Tỏa Sáng:</i></h4><ul><li><strong>Đặc tính:</strong> Cây cung khổng lồ của Enterprise được tái tạo sắc nét, có thể đi kèm với mũi tên và hiệu ứng năng lượng (màu xanh dương hoặc trắng) biểu thị sự chuẩn bị phóng ra các cuộc tấn công từ máy bay. Các chi tiết này được điêu khắc tinh xảo, thể hiện sức mạnh của cô.</li><li><strong>Hình ảnh:</strong> Chụp cận cảnh cây cung và mũi tên, làm nổi bật hiệu ứng năng lượng nếu có.</li></ul><h4><i>Tư Thế Động Lực &amp; Khí Chất Bất Diệt:</i></h4><ul><li><strong>Đặc tính:</strong> Mô hình thường được tạo dáng trong tư thế đầy động lực, như đang giương cung chuẩn bị bắn, bay lượn trên chiến trường, hoặc đứng hiên ngang đầy tự tin và kiêu hãnh. Mỗi tư thế đều toát lên sự mạnh mẽ, tốc độ và khả năng chiến đấu không ngừng nghỉ của "Grey Ghost".</li><li><strong>Hình ảnh:</strong> Chụp toàn bộ mô hình từ các góc độ động, thể hiện tư thế bùng nổ hoặc tập trung của Enterprise.</li></ul><h4><i>Chất Liệu PVC/ABS Cao Cấp &amp; Hoàn Thiện Sơn Tinh Xảo:</i></h4><ul><li><strong>Đặc tính:</strong> Được sản xuất từ nhựa PVC và ABS chất lượng cao, đảm bảo độ bền và giữ màu sắc theo thời gian. Lớp sơn được thực hiện thủ công với nhiều sắc độ, tạo độ sâu và bóng bẩy cho tông da, trang phục và các chi tiết cơ khí, giúp mô hình đạt được mức độ chân thực cao nhất.</li><li><strong>Hình ảnh:</strong> Chụp cực cận một phần nhỏ của mô hình (ví dụ: bàn tay cầm cung, phần giáp) để thể hiện chất lượng sơn và chi tiết bề mặt.</li></ul><h3><strong>Sở hữu mô hình Enterprise là sở hữu</strong></h3><h4>Biểu tượng của sức mạnh hải quân và ý chí bất diệt trong chiến tranh.</h4><h4>Một tác phẩm nghệ thuật điêu khắc tinh xảo, đầy tính động lực.</h4><h4>Nguồn cảm hứng cho sự kiên cường và lòng dũng cảm trong mọi thử thách.</h4>', 4000000.00, 'images/products/m-hnh-azur-lane/m-hnh-azur-lane-uss-enterprise-cv-6-grey-ghost-sc-mnh-bt-dit-ca-hm-i/main_1749581739_68487fab78088.jpg', 21, true, '2025-06-10 18:55:39', 3100000.00, 19),
(35, 'Hayakawa Aki - Thợ Săn Quỷ Bí Ẩn Và Quyết Tâm', '<h2><strong>Hãy mang về không gian của bạn sự điềm tĩnh, bí ẩn và khí chất mạnh mẽ của Hayakawa Aki với mô hình chất lượng cao này – một tác phẩm tái hiện hoàn hảo thợ săn quỷ trầm lặng từ Chainsaw Man!</strong></h2><h4>Mô hình Hayakawa Aki này được chế tác tỉ mỉ, nắm bắt trọn vẹn vẻ ngoài lịch lãm nhưng ẩn chứa nhiều nỗi đau và quyết tâm của anh. Từ mái tóc búi cao đặc trưng, bộ vest lịch sự, đến ánh mắt lạnh lùng và những dấu hiệu của hợp đồng với quỷ, mọi chi tiết đều được chăm chút để mang đến một Aki chân thực và sống động nhất. Đây là một bổ sung không thể thiếu cho bất kỳ bộ sưu tập Chainsaw Man nào, thể hiện sự trân trọng đối với một trong những nhân vật phức tạp và đáng nhớ nhất của series.</h4><p>&nbsp;</p><h2>Đặc Điểm Nổi Bật &amp; Nét Đẹp Hình Ảnh</h2><h4><i>1. Thiết Kế Tái Hiện Chân Thực Thần Thái Của Aki</i></h4><p>Mô hình khắc họa Aki với độ chính xác cao từ khuôn mặt biểu cảm, thường là trầm tĩnh, lạnh lùng, hoặc đôi khi phảng phất nỗi buồn. Mái tóc búi cao gọn gàng, đúng như tạo hình trong manga/anime, và vóc dáng thư sinh nhưng đầy ẩn ý sức mạnh đều được thể hiện một cách tinh xảo.</p><h4><i>2. Trang Phục Công Sở Lịch Lãm &amp; Chi Tiết Tinh Xảo</i></h4><p>Bộ vest lịch sự của Aki được tái hiện sống động với các nếp gấp vải tự nhiên, tạo cảm giác như trang phục thật. Áo sơ mi và cà vạt được chăm chút tỉ mỉ, làm nổi bật phong thái chuyên nghiệp và gọn gàng của anh.</p><h4><i>3. Biểu Tượng Của Hợp Đồng Với Quỷ</i></h4><p>Mô hình làm nổi bật các chi tiết liên quan đến hợp đồng của Aki, đặc biệt là bàn tay phải được điêu khắc để thể hiện dấu hiệu của hợp đồng với Quỷ Hồ Ly (nếu có chi tiết đó). Các chi tiết này tăng thêm chiều sâu và sự bi kịch cho nhân vật.</p><h4><i>4. Tư Thế Đầy Khí Chất &amp; Quyết Tâm Chiến Đấu</i></h4><p>Mô hình thường thể hiện Aki trong tư thế điềm tĩnh nhưng luôn sẵn sàng đối mặt với nguy hiểm, hoặc tư thế chiến đấu uyển chuyển (ví dụ: rút kiếm Katana). Tư thế này không chỉ thể hiện sức mạnh mà còn cả sự tập trung và quyết đoán của anh.</p><h4>5. Chất Liệu &amp; Hoàn Thiện Cao Cấp</h4><p>Mô hình được sản xuất từ nhựa PVC và ABS chất lượng cao, đảm bảo độ bền, không dễ vỡ và giữ màu tốt theo thời gian. Quá trình sơn thủ công tỉ mỉ từng chi tiết giúp mô hình có màu sắc sống động, sắc nét và có chiều sâu, từ tông màu da, mái tóc cho đến bóng đổ của trang phục. Mỗi chi tiết nhỏ đều được chăm chút, mang lại cảm giác cao cấp khi chạm vào và trưng bày.</p><p>&nbsp;</p><h2><strong>Tại sao nên sở hữu mô hình Hayakawa Aki này?</strong></h2><h4>Đây không chỉ là một món đồ trưng bày, mà là một cách để bạn thể hiện sự trân trọng đối với một trong những nhân vật phức tạp và đáng nhớ nhất của Chainsaw Man. Mô hình Hayakawa Aki sẽ là điểm nhấn hoàn hảo cho bộ sưu tập anime của bạn, đồng thời nhắc nhở về câu chuyện đầy cảm xúc và những trận chiến không ngừng nghỉ của thợ săn quỷ.</h4>', 3200000.00, 'images/products/m-hnh-chainsaw-man/hayakawa-aki-th-sn-qu-b-n-v-quyt-tm/main_1749582129_684881310bff9.jpg', 22, true, '2025-06-10 19:02:09', NULL, 19),
(36, 'Blue-Eyes White Dragon - Biểu Tượng Sức Mạnh Vĩnh Cửu', '<p><i><strong>Được mệnh danh là linh hồn của những lá bài quái vật, Rồng Trắng Mắt Xanh – Blue-Eyes White Dragon – giờ đây kiêu hãnh hiện diện dưới hình thái mô hình cao cấp, một tác phẩm nghệ thuật chế tác tỉ mỉ dành riêng cho những Duelist chân chính và nhà sưu tầm discerning.</strong></i></p><p>Mô hình này không chỉ đơn thuần là vật phẩm trưng bày; <i>nó là sự tái hiện sống động của một huyền thoại</i>, nắm bắt trọn vẹn <i>khí chất uy nghi, vẻ đẹp tuyệt mỹ và sức mạnh hủy diệt</i> đã định hình nên vũ trụ Yu-Gi-Oh! Từ <strong>từng chiếc vảy lấp lánh</strong> đến <strong>đôi mắt xanh biếc đầy quyền năng</strong>, mỗi chi tiết đều được nghiên cứu và điêu khắc với độ chính xác tuyệt đối, mang đến một Blue-Eyes White Dragon <i>chân thực đến kinh ngạc</i>, sẵn sàng giải phóng "Burst Stream of Destruction" vào không gian của bạn.</p><h2>Đặc Tính Nổi Bật &amp; Hoàn Thiện Hình Ảnh Xuất Sắc</h2><h3>1. <strong>Thiết Kế Đỉnh Cao &amp; Tái Hiện Trung Thực Nguyên Bản</strong></h3><p>Mô hình Blue-Eyes White Dragon được tạo hình với <strong>độ trung thực đáng kinh ngạc</strong> so với phiên bản anime và artwork huyền thoại. <i>Từng đường nét cơ bắp săn chắc, gân guốc</i> trên cơ thể rồng được điêu khắc tinh xảo, thể hiện rõ ràng sức mạnh tiềm tàng bên trong. Màu trắng ngà đặc trưng được áp dụng một cách <i>tinh tế</i>, tạo nên cảm giác <strong>sang trọng và cổ kính</strong> mà không kém phần uy lực.</p><h3>2. <strong>Đôi Cánh Hoành Tráng &amp; Tư Thế Động Lực Ấn Tượng</strong></h3><p>Điểm nhấn làm nên sự vĩ đại của Rồng Trắng chính là <strong>đôi cánh khổng lồ, sải rộng</strong>. <i>Chất liệu đặc biệt</i> (có thể là PVC dẻo hoặc nhựa trong suốt với hiệu ứng chuyển màu) được sử dụng để tái tạo màng cánh, cho phép <i>ánh sáng xuyên qua một cách tinh tế</i>, tăng thêm vẻ huyền ảo. Mô hình thường được đặt trong một tư thế <i>đầy kịch tính và uy lực</i>, như đang chuẩn bị cất cánh, hạ cánh đầy sức nặng, hoặc dồn năng lượng cho đòn tấn công quyết định.</p><h3>3. <strong>Chi Tiết Tinh Xảo &amp; Hiệu Ứng Biểu Tượng</strong></h3><p><i>Mỗi chiếc móng vuốt sắc nhọn, từng đường vân trên vảy</i>, và các chi tiết nhỏ nhất như sừng, gai đều được <strong>khắc họa một cách tỉ mỉ</strong>, thể hiện sự đầu tư cao độ vào chất lượng điêu khắc. Đối với các phiên bản cao cấp, mô hình có thể tích hợp <strong>hiệu ứng năng lượng bằng vật liệu trong suốt</strong> (ví dụ: tia sáng từ miệng hoặc hào quang quanh thân) để tái hiện <i>kỹ năng "Burst Stream of Destruction"</i>, mang đến một trải nghiệm thị giác sống động như thật.</p><h2>Tiêu Chuẩn Chất Lượng Cao Cấp &amp; Hoàn Thiện Nghệ Thuật</h2><h3>1. <strong>Vật Liệu Tuyển Chọn &amp; Độ Bền Vượt Trội</strong></h3><p>Mô hình được chế tác từ <strong>nhựa PVC và ABS cao cấp</strong>, đảm bảo <i>độ bền vượt trội</i>, khả năng chống chịu va đập và giữ form dáng ổn định theo thời gian. Đây là những vật liệu được tin dùng trong ngành sản xuất mô hình cao cấp, mang lại <strong>cảm giác đầm tay và chắc chắn</strong> khi cầm nắm.</p><p><strong>Hình ảnh gợi ý:</strong></p><ul><li><strong>Hình 4.1:</strong> Chụp cận cảnh bề mặt mô hình, làm nổi bật <i>kết cấu vật liệu và độ hoàn thiện</i>.</li></ul><h3>2. <strong>Kỹ Thuật Sơn Tinh Xảo &amp; Đa Tầng</strong></h3><p>Quy trình sơn được thực hiện bằng <strong>kỹ thuật thủ công cao cấp</strong>, áp dụng nhiều lớp màu và sắc độ để tạo ra <i>hiệu ứng chuyển sắc tinh tế</i>, bóng bẩy và chiều sâu cho từng chi tiết. Từ <i>màu trắng ngà của thân rồng</i>, ánh xanh của mắt, đến <i>ánh kim của móng vuốt</i>, tất cả đều được xử lý để đạt được <strong>mức độ chân thực và nghệ thuật cao nhất</strong>, khiến mô hình trở thành một tác phẩm điêu khắc đích thực.</p><h2>III. Giá Trị Sưu Tầm &amp; Trưng Bày Đẳng Cấp</h2><h3><strong>Biểu Tượng Vĩnh Cửu Của Tinh Thần Duelist</strong></h3><p>Sở hữu mô hình Blue-Eyes White Dragon không chỉ là việc thêm một vật phẩm vào bộ sưu tập; đó là <strong>sở hữu một phần lịch sử</strong> và <i>tinh thần bất diệt của Yu-Gi-Oh!</i>. Đây là sự khẳng định cho niềm đam mê của bạn, một <i>biểu tượng của sức mạnh, quyền lực và sự kiêu hãnh</i> đã gắn liền với tuổi thơ và ký ức của hàng triệu người hâm mộ trên khắp thế giới.</p>', 3500000.00, 'images/products/m-hnh-yu-gi-oh/blue-eyes-white-dragon-biu-tng-sc-mnh-vnh-cu/main_1749622659_68491f83a9337.jpg', 23, false, '2025-06-11 06:17:39', NULL, 19);
INSERT INTO "products" ("id", "name", "description", "price", "image", "category_id", "is_featured", "created_at", "discount_price", "brand_id") 
VALUES
(37, 'Makima - Sức Hút Quyền Năng & Bí Ẩn Tuyệt Đối', '<p><i><strong>Được biết đến như một trong những nhân vật có sức ảnh hưởng và bí ẩn bậc nhất thế giới Chainsaw Man, Makima – Nữ Trưởng Ban Control Devil – giờ đây hiện diện dưới hình thái mô hình cao cấp, một tác phẩm nghệ thuật tinh xảo dành riêng cho những nhà sưu tầm sành điệu và người hâm mộ cuồng nhiệt.</strong></i></p><p>Mô hình này không chỉ là một vật phẩm trưng bày; <i>nó là sự tái hiện sống động của một nhân vật phức tạp</i>, nắm bắt trọn vẹn <i>vẻ đẹp thanh lịch, sự điềm tĩnh chết người và ánh mắt thao túng đầy mê hoặc</i> đã khiến Makima trở thành biểu tượng. Từ <strong>mái tóc tết đuôi sam màu đỏ đặc trưng</strong> đến <strong>bộ vest công sở hoàn hảo</strong>, mỗi chi tiết đều được nghiên cứu và điêu khắc với độ chính xác tuyệt đối, mang đến một Makima <i>chân thực đến kinh ngạc</i>, như thể cô ấy vừa bước ra từ trang truyện hay khung hình anime.</p><p>&nbsp;</p><h2>I. Đặc Tính Nổi Bật &amp; Hoàn Thiện Hình Ảnh Xuất Sắc</h2><h3>1. <strong>Thiết Kế Tinh Tế &amp; Thần Thái Uy Quyền</strong></h3><p>Mô hình Makima được tạo hình với <strong>độ trung thực đáng kinh ngạc</strong>, thể hiện rõ ràng <i>phong thái thanh lịch nhưng đầy quyền lực</i> của cô. <i>Khuôn mặt được điêu khắc tỉ mỉ</i> với nụ cười mỉm bí ẩn, đôi khi lạnh lùng, cùng với ánh mắt xoáy sâu khó dò – <strong>điểm nhấn biểu tượng nhất</strong> của nhân vật. Mái tóc tết đuôi sam màu đỏ được tạo hình mềm mại, tự nhiên, tạo cảm giác chuyển động.</p><h3>2. <strong>Trang Phục Công Sở &amp; Phong Cách Thanh Lịch</strong></h3><p>Bộ vest đen hoặc xám công sở, áo sơ mi trắng và cà vạt/nơ đen – <i>trang phục biểu tượng</i> của Makima – được tái hiện sống động với <strong>các nếp gấp vải tự nhiên</strong> và <i>đường may tinh tế</i>. Điều này không chỉ thể hiện chất liệu vải mà còn làm nổi bật <strong>phong thái chuyên nghiệp và gọn gàng</strong> của cô, bất chấp quyền năng đáng sợ mà cô nắm giữ.</p><h3>3. <strong>Tư Thế Quyến Rũ &amp; Khí Chất Điều Khiển</strong></h3><p>Mô hình thường được tạo dáng trong một tư thế <i>đầy kiêu hãnh và tự tin</i>, thể hiện <strong>sức mạnh kiểm soát</strong> của Makima. Có thể là tư thế đứng thẳng, một tay đút túi đầy điềm tĩnh, hoặc một tư thế đang thi triển quyền năng điều khiển với các ngón tay tạo hình đặc trưng. Mỗi tư thế đều toát lên <strong>khí chất lạnh lùng và quyền lực tối cao</strong> của cô ấy.</p><p>&nbsp;</p><h2>II. Tiêu Chuẩn Chất Lượng Cao Cấp &amp; Hoàn Thiện Nghệ Thuật</h2><h3>1. <strong>Vật Liệu Tuyển Chọn &amp; Độ Bền Vượt Trội</strong></h3><p>Mô hình được chế tác từ <strong>nhựa PVC và ABS cao cấp</strong>, những vật liệu tiêu chuẩn trong ngành sản xuất figure cao cấp, đảm bảo <i>độ bền vượt trội</i>, khả năng chống chịu va đập và giữ form dáng ổn định theo thời gian. Đây là sự đảm bảo cho một sản phẩm <strong>có giá trị đầu tư và trưng bày lâu dài</strong>.</p><h3>2. <strong>Kỹ Thuật Sơn Tinh Xảo &amp; Đa Tầng</strong></h3><p>Quy trình sơn được thực hiện bằng <strong>kỹ thuật thủ công chuyên nghiệp</strong>, áp dụng nhiều lớp màu và sắc độ để tạo ra <i>hiệu ứng chuyển sắc tinh tế</i>, độ bóng và chiều sâu cho từng chi tiết. Từ <i>sắc thái da tự nhiên</i>, màu đỏ rực của tóc, đến <i>sự sắc nét của trang phục</i>, tất cả đều được xử lý để đạt được <strong>mức độ chân thực và nghệ thuật cao nhất</strong>, khiến mô hình trở thành một tác phẩm điêu khắc đích thực.</p><p>&nbsp;</p><h2>III. Giá Trị Sưu Tầm &amp; Trưng Bày Đẳng Cấp</h2><h3><strong>Biểu Tượng Quyền Năng Của Thế Giới Ngầm</strong></h3><p>Sở hữu mô hình Makima không chỉ là việc thêm một vật phẩm vào bộ sưu tập; đó là <strong>sở hữu một biểu tượng của quyền lực, sự bí ẩn và vẻ đẹp cuốn hút</strong> trong thế giới đen tối của Chainsaw Man. Đây là sự khẳng định cho niềm đam mê của bạn, một <i>sản phẩm độc đáo và đầy hấp dẫn</i> sẽ là tâm điểm của mọi ánh nhìn trong không gian trưng bày.</p>', 2100000.00, 'images/products/m-hnh-chainsaw-man/makima-sc-ht-quyn-nng-b-n-tuyt-i/main_1749622926_6849208eec27b.jpg', 22, false, '2025-06-11 06:22:06', 2000000.00, 19),
(38, 'Eren Yeager - Chiến Binh Của Lòng Căm Thù & Tự Do', '<p><i><strong>Được khắc họa trong mọi khoảnh khắc then chốt của hành trình đầy biến động, mô hình Eren Yeager cao cấp này là sự tái hiện hoàn hảo của một nhân vật trung tâm, phức tạp và đầy sức mạnh – biểu tượng của sự phẫn nộ, ý chí bất khuất và khát vọng tự do cháy bỏng của nhân loại.</strong></i></p><p>Mô hình này không chỉ là một vật phẩm trưng bày đơn thuần; <i>nó là một tác phẩm nghệ thuật</i>, nắm bắt trọn vẹn <i>khí chất gai góc, sự trưởng thành qua từng trận chiến và gánh nặng định mệnh</i> mà Eren phải gánh vác. Từ <strong>ánh mắt sắc lạnh</strong> cho đến <strong>từng chi tiết trên trang phục</strong>, mọi đường nét đều được điêu khắc với <i>độ chính xác tuyệt đối</i>, mang đến một Eren Yeager sống động như thể anh vừa bước ra từ thế giới khắc nghiệt của Attack on Titan.</p><p>&nbsp;</p><h2>I. Đặc Tính Nổi Bật &amp; Hoàn Thiện Hình Ảnh Xuất Sắc</h2><h3>1. <strong>Thiết Kế Tái Hiện Chân Thực &amp; Biểu Cảm Sâu Sắc</strong></h3><p>Mô hình Eren Yeager được tạo hình với <strong>độ trung thực đáng kinh ngạc</strong> so với phiên bản anime và manga. <i>Từng nét biểu cảm trên khuôn mặt</i> – dù là vẻ quyết tâm sắt đá, nỗi giận dữ bùng nổ, hay sự u uẩn trong ánh mắt – đều được khắc họa tinh xảo. Mái tóc đen rối đặc trưng và <i>vóc dáng săn chắc</i> của một chiến binh đã trải qua vô vàn gian nan được thể hiện một cách hoàn hảo.</p><h3>2. <strong>Trang Phục Biểu Tượng &amp; Chi Tiết Thiết Bị Cơ Động 3D</strong></h3><p>Dù là trong bộ quân phục Survey Corps quen thuộc với áo khoác nâu, áo choàng xanh lá và <strong>logo "Wings of Freedom" (Đôi cánh Tự do)</strong>, hay trang phục đơn giản hơn ở các arc sau, <i>mọi chi tiết đều được tái tạo tỉ mỉ</i>. Đặc biệt, <strong>hệ thống 3D Maneuver Gear</strong> (thiết bị cơ động 3 chiều) được điêu khắc <i>phức tạp và chân thực</i>, từ các bình khí, dây cáp cho đến lưỡi kiếm thép siêu cứng, thể hiện sự sẵn sàng chiến đấu.</p><h3>3. <strong>Tư Thế Động Lực &amp; Khí Chất Chiến Binh Bất Khuất</strong></h3><p>Mô hình thường được đặt trong một tư thế <i>đầy kịch tính và mạnh mẽ</i>, như đang chuẩn bị vung kiếm tấn công Titan, lao mình vào trận chiến với <strong>thiết bị 3D Maneuver Gear</strong>, hoặc đứng hiên ngang đầy quyết tâm trước mọi thử thách. <i>Mỗi tư thế đều toát lên sức mạnh, sự nhanh nhẹn và ý chí không lùi bước</i> của Eren.</p><p>&nbsp;</p><h2>II. Tiêu Chuẩn Chất Lượng Cao Cấp &amp; Hoàn Thiện Nghệ Thuật</h2><h3>1. <strong>Vật Liệu Tuyển Chọn &amp; Độ Bền Vượt Trội</strong></h3><p>Mô hình được chế tác từ <strong>nhựa PVC và ABS cao cấp</strong>, những vật liệu tiêu chuẩn trong ngành sản xuất figure collectible, đảm bảo <i>độ bền vượt trội</i>, khả năng chống chịu va đập và duy trì form dáng ổn định theo thời gian. Điều này mang lại <strong>cảm giác đầm tay và chắc chắn</strong>, xứng đáng với một sản phẩm sưu tầm cao cấp.</p><h3>2. <strong>Kỹ Thuật Sơn Chuyên Nghiệp &amp; Đa Tầng</strong></h3><p>Quy trình sơn được thực hiện bằng <strong>kỹ thuật thủ công tinh xảo</strong>, áp dụng nhiều lớp màu và sắc độ để tạo ra <i>hiệu ứng chuyển sắc tinh tế</i>, bóng bẩy và chiều sâu cho từng chi tiết. Từ <i>màu da, sắc thái của mái tóc</i>, đến <i>ánh kim của thiết bị và các vết hao mòn</i> (nếu có) trên trang phục, tất cả đều được xử lý để đạt được <strong>mức độ chân thực và nghệ thuật cao nhất</strong>, khiến mô hình trở thành một tác phẩm điêu khắc đích thực.</p><p>&nbsp;</p><h2>III. Giá Trị Sưu Tầm &amp; Trưng Bày Đẳng Cấp</h2><h3><strong>Biểu Tượng Của Khát Vọng Tự Do &amp; Sự Thật Phũ Phàng</strong></h3><p>Sở hữu mô hình Eren Yeager không chỉ là việc thêm một vật phẩm vào bộ sưu tập; đó là <strong>sở hữu một phần cốt truyện đầy ám ảnh</strong> và <i>tinh thần không ngừng đấu tranh vì tự do</i> của nhân vật. Đây là sự khẳng định cho niềm đam mê của bạn, một <i>biểu tượng của sức mạnh nội tâm, lòng dũng cảm và câu chuyện vĩ đại</i> đã làm lay động hàng triệu trái tim người hâm mộ trên khắp thế giới.</p>', 3500000.00, 'images/products/m-hnh-attack-on-titan/eren-yeager-chin-binh-ca-lng-cm-th-t-do/main_1749623139_68492163177f0.jpg', 24, false, '2025-06-11 06:25:39', NULL, 19),
(39, 'Levi Ackerman - Người Lính Mạnh Nhất & Biểu Tượng Của Nhân Loại', '<p><i><strong>Được mệnh danh là "Người lính mạnh nhất của nhân loại", Đội trưởng Levi Ackerman không chỉ là một chiến binh huyền thoại mà còn là biểu tượng của ý chí kiên cường và lòng dũng cảm. Giờ đây, anh ấy hiện diện dưới hình thái mô hình cao cấp, một tác phẩm nghệ thuật chế tác tỉ mỉ dành riêng cho những người hâm mộ Attack on Titan và nhà sưu tầm discerning.</strong></i></p><p>Mô hình này không chỉ đơn thuần là vật phẩm trưng bày; <i>nó là sự tái hiện sống động của tinh thần bất khuất</i>, nắm bắt trọn vẹn <i>khí chất lạnh lùng, tốc độ chớp nhoáng và sức mạnh phi thường</i> đã giúp Levi tồn tại trong thế giới tàn khốc của Titan. Từ <strong>ánh mắt sắc lạnh</strong> đến <strong>bộ 3D Maneuver Gear phức tạp</strong>, mỗi chi tiết đều được nghiên cứu và điêu khắc với độ chính xác tuyệt đối, mang đến một Levi Ackerman <i>chân thực đến kinh ngạc</i>, sẵn sàng đối mặt với bất kỳ mối đe dọa nào.</p><p>&nbsp;</p><h2>I. Đặc Tính Nổi Bật &amp; Hoàn Thiện Hình Ảnh Xuất Sắc</h2><h3>1. <strong>Thiết Kế Đỉnh Cao &amp; Tái Hiện Thần Thái Biểu Tượng</strong></h3><p>Mô hình khắc họa Levi với <strong>độ trung thực đáng kinh ngạc</strong> so với phiên bản anime và manga. <i>Khuôn mặt biểu cảm nghiêm nghị</i>, mái tóc cắt ngắn đặc trưng và vóc dáng nhỏ bé nhưng <strong>săn chắc đầy sức mạnh</strong> đều được thể hiện một cách hoàn hảo. Ánh mắt anh toát lên sự <i>tập trung cao độ và quyết đoán</i>, đúng với tính cách lạnh lùng nhưng đầy nhiệt huyết của đội trưởng.</p><h3>2. <strong>Trang Phục Survey Corps &amp; 3D Maneuver Gear Chi Tiết</strong></h3><p>Bộ quân phục Survey Corps huyền thoại với <strong>áo choàng xanh lá bay phấp phới</strong> và biểu tượng "Wings of Freedom" được tái hiện <i>chân thực đến từng nếp gấp vải</i>. Đặc biệt, <strong>hệ thống 3D Maneuver Gear</strong> được điêu khắc vô cùng <i>phức tạp và chính xác</i>, từ các bình khí, dây cáp, đến lưỡi kiếm thép siêu cứng. Mọi chi tiết đều được chăm chút, tạo cảm giác như một <i>thiết bị hoạt động thực sự</i>.</p><h3>3. <strong>Tư Thế Động Lực &amp; Biểu Cảm Chiến Đấu Dữ Dội</strong></h3><p>Mô hình thường được tạo dáng trong một tư thế <i>đầy kịch tính và tốc độ</i>, như đang bay lượn giữa không trung, chuẩn bị thực hiện một cú chém chí mạng vào gáy Titan, hoặc hạ cánh mạnh mẽ sau một đòn tấn công. <i>Sự năng động và khí chất chiến đấu</i> được thể hiện rõ ràng qua từng đường nét của cơ thể và trang phục, làm nổi bật <strong>kỹ năng bậc thầy của Levi</strong>.</p><p>&nbsp;</p><h2>II. Tiêu Chuẩn Chất Lượng Cao Cấp &amp; Hoàn Thiện Nghệ Thuật</h2><h3>1. <strong>Vật Liệu Tuyển Chọn &amp; Độ Bền Vượt Trội</strong></h3><p>Mô hình được chế tác từ <strong>nhựa PVC và ABS cao cấp</strong>, đảm bảo <i>độ bền vượt trội</i>, khả năng chống chịu va đập và giữ form dáng ổn định theo thời gian. Đây là những vật liệu được tin dùng trong ngành sản xuất figure cao cấp, mang lại <strong>cảm giác đầm tay và chắc chắn</strong> khi cầm nắm.</p><h3>2. <strong>Kỹ Thuật Sơn Tinh Xảo &amp; Đa Tầng</strong></h3><p>Quy trình sơn được thực hiện bằng <strong>kỹ thuật thủ công cao cấp</strong>, áp dụng nhiều lớp màu và sắc độ để tạo ra <i>hiệu ứng chuyển sắc tinh tế</i>, bóng bẩy và chiều sâu cho từng chi tiết. Từ <i>màu da chân thực</i>, sắc đen của tóc đến <i>màu xanh của áo choàng và ánh kim của thiết bị</i>, tất cả đều được xử lý để đạt được <strong>mức độ chân thực và nghệ thuật cao nhất</strong>, khiến mô hình trở thành một tác phẩm điêu khắc đích thực.</p><p>&nbsp;</p><h2>III. Giá Trị Sưu Tầm &amp; Trưng Bày Đẳng Cấp</h2><h3><strong>Biểu Tượng Của Lòng Dũng Cảm &amp; Sự Kiên Cường</strong></h3><p>Sở hữu mô hình Levi Ackerman không chỉ là việc thêm một vật phẩm vào bộ sưu tập; đó là <strong>sở hữu một phần của huyền thoại</strong> và <i>tinh thần bất khuất của Attack on Titan</i>. Đây là sự khẳng định cho niềm đam mê của bạn, một <i>biểu tượng của sức mạnh, kỷ luật và lòng dũng cảm</i> đã truyền cảm hứng cho hàng triệu người hâm mộ trên khắp thế giới.</p>', 2570000.00, 'images/products/m-hnh-attack-on-titan/levi-ackerman-ngi-lnh-mnh-nht-biu-tng-ca-nhn-loi/main_1749623271_684921e733f37.jpg', 24, true, '2025-06-11 06:27:51', 2490000.00, 19),
(40, 'Castle in the Sky (Laputa) - Lâu Đài Bay Huyền Thoại, Di Sản Của Studio Ghibli', '<p><i><strong>Bước vào thế giới kỳ diệu của Hayao Miyazaki và Studio Ghibli với mô hình Castle in the Sky (Laputa) cao cấp này – một tác phẩm điêu khắc nghệ thuật tinh xảo, tái hiện chân thực lâu đài bay bí ẩn và đầy lôi cuốn, biểu tượng cho sự giao thoa giữa thiên nhiên và công nghệ cổ xưa.</strong></i></p><p>Mô hình này không chỉ là một vật phẩm trưng bày; <i>nó là cánh cửa dẫn lối đến một nền văn minh đã mất</i>, nơi những ước mơ bay bổng và những bí ẩn vĩnh cửu hòa quyện. Được chế tác với <strong>độ tỉ mỉ tuyệt đối</strong>, từng chi tiết từ những tòa tháp cao vút, khu vườn thượng uyển xanh mướt, cho đến <strong>bề mặt kim loại phủ rêu phong</strong> và những người máy vệ sĩ cổ đại, tất cả đều được tái hiện để mang đến một Laputa <i>chân thực đến kinh ngạc</i>, như thể nó vừa lướt qua những tầng mây và hạ cánh trong không gian của bạn.</p><p>&nbsp;</p><h2>I. Đặc Tính Kiến Trúc &amp; Thiết Kế Độc Đáo</h2><h3>1. <strong>Kiến Trúc Đa Tầng Phức Tạp &amp; Tái Hiện Chân Thực</strong></h3><p>Mô hình Laputa khắc họa <strong>độ chính xác cao</strong> các tầng kiến trúc đa dạng của lâu đài bay, từ <strong>phần đế cơ khí khổng lồ</strong> với các động cơ và hệ thống nâng, cho đến những <strong>tòa tháp chọc trời</strong> và các cấu trúc phức tạp phía trên. <i>Mỗi chi tiết chạm khắc, từng ô cửa sổ</i> đều được thể hiện một cách tinh xảo, phản ánh sự vĩ đại của nền văn minh cổ xưa.</p><h3>2. <strong>Khu Vườn Thượng Uyển &amp; Sự Hòa Quyện Với Thiên Nhiên</strong></h3><p>Điểm nhấn đặc biệt của Laputa là <strong>khu vườn thượng uyển xanh tươi</strong> nằm trên đỉnh lâu đài, nơi thiên nhiên đã giành lại quyền kiểm soát. <i>Cây cối, dây leo, và thảm thực vật</i> được điêu khắc và sơn màu một cách <i>sống động và chân thực</i>, tạo nên sự đối lập tuyệt đẹp với vẻ ngoài kim loại và đá của lâu đài.</p><h3>3. <strong>Tượng Người Máy Vệ Sĩ &amp; Chi Tiết Biểu Tượng</strong></h3><p>Đối với các phiên bản cao cấp, mô hình sẽ bao gồm <strong>tượng người máy vệ sĩ (Robot Guardian)</strong> được tái tạo <i>cực kỳ chi tiết</i>, với vẻ ngoài hoang tàn nhưng vẫn toát lên sự mạnh mẽ và trung thành. <i>Vết rêu phong, hư hại</i> trên bề mặt người máy được thể hiện một cách <i>chân thực</i>, kể lại câu chuyện về thời gian và sự lãng quên.</p><p>&nbsp;</p><h2>II. Tiêu Chuẩn Sản Xuất &amp; Hoàn Thiện Nghệ Thuật</h2><h3>1. <strong>Vật Liệu Cao Cấp &amp; Độ Bền Vượt Trội</strong></h3><p>Mô hình được chế tác từ <strong>vật liệu cao cấp</strong> (thường là PVC, ABS, hoặc resin chất lượng cao), đảm bảo <i>độ bền tối ưu</i> và khả năng duy trì form dáng cũng như màu sắc theo thời gian. Đây là những vật liệu được lựa chọn kỹ lưỡng để mang lại <strong>cảm giác cao cấp và chắc chắn</strong> khi trưng bày.</p><h3>2. <strong>Kỹ Thuật Sơn Tinh Xảo &amp; Hiệu Ứng Chiều Sâu</strong></h3><p>Quy trình sơn được thực hiện bằng <strong>kỹ thuật thủ công bậc thầy</strong>, áp dụng nhiều lớp màu và sắc độ để tạo ra <i>hiệu ứng rêu phong, gỉ sét tự nhiên</i> trên các bề mặt kim loại và đá, cùng với <i>màu xanh tươi của thực vật</i>. <strong>Độ chuyển màu mượt mà</strong> và các chi tiết được tô điểm tỉ mỉ tạo nên một tác phẩm có <i>chiều sâu thị giác</i> ấn tượng.</p><h3>3. <strong>Hệ Thống Chiếu Sáng Nội Bộ (Tùy phiên bản Deluxe)</strong></h3><p>Đối với các phiên bản đặc biệt, mô hình có thể tích hợp <strong>hệ thống đèn LED chiếu sáng nội bộ</strong>, tạo ra <i>ánh sáng dịu nhẹ và huyền ảo</i> từ bên trong lâu đài, hoặc từ các động cơ và cửa sổ. Hiệu ứng này không chỉ tăng cường tính thẩm mỹ mà còn <i>biến mô hình thành một vật trang trí độc đáo</i> khi trưng bày trong điều kiện thiếu sáng.</p><p>&nbsp;</p><h2>III. Giá Trị Sưu Tầm &amp; Ý Nghĩa Biểu Tượng</h2><h3><strong>Biểu Tượng Của Giấc Mơ &amp; Sự Khám Phá</strong></h3><p>Sở hữu mô hình Laputa không chỉ là việc thêm một vật phẩm vào bộ sưu tập; đó là <strong>sở hữu một phần di sản điện ảnh</strong> và <i>linh hồn của Studio Ghibli</i>. Đây là một biểu tượng của sự kỳ diệu, lòng dũng cảm, và khát vọng khám phá những điều chưa biết, mang lại <i>cảm giác bình yên và sự hứng khởi của những chuyến phiêu lưu không giới hạn</i> cho không gian sống và làm việc của bạn.</p>', 5000000.00, 'images/products/m-hnh-studio-ghibli/castle-in-the-sky-laputa-lu-i-bay-huyn-thoi-di-sn-ca-studio-ghibli/main_1749623485_684922bdb8dfb.jpg', 25, false, '2025-06-11 06:31:25', NULL, 19),
(41, 'Super Saiyan God Vegeta - Hoàng Tử Saiyan Đấng Cứu Thế', '<p><i><strong>Chứng kiến sự tiến hóa đỉnh cao của sức mạnh Saiyan – Hoàng Tử Vegeta trong hình thái Super Saiyan God – giờ đây được tái hiện một cách hoàn hảo trong mô hình cao cấp này. Đây không chỉ là một vật phẩm trưng bày, mà là một minh chứng cho ý chí kiên định và khát khao vượt giới hạn của một chiến binh vĩ đại.</strong></i></p><p>Mô hình này được <strong>chế tác với sự tỉ mỉ tuyệt đối</strong>, nắm bắt trọn vẹn <i>khí chất hoàng gia, vẻ ngoài điềm tĩnh nhưng ẩn chứa sức mạnh hủy diệt</i> của Vegeta khi anh đạt đến cảnh giới Thần. Từ <strong>mái tóc đỏ rực rỡ</strong>, ánh mắt sắc bén đến bộ giáp chiến đấu huyền thoại, <strong>mỗi chi tiết đều được chăm chút</strong> để mang đến một Super Saiyan God Vegeta <i>chân thực đến kinh ngạc</i>, sẵn sàng giải phóng Final Flash hoặc Gamma Burst Flash vào bộ sưu tập của bạn.</p><p>&nbsp;</p><h2>I. Đặc Tính Nổi Bật &amp; Hình Ảnh Mô Tả Chi Tiết</h2><h3>1. <strong>Thiết Kế Tái Hiện Chân Thực &amp; Biểu Cảm Sâu Sắc</strong></h3><p>Mô hình khắc họa Vegeta với <strong>độ chính xác cao</strong> từ khuôn mặt <i>điềm tĩnh, nghiêm nghị nhưng đầy kiêu hãnh</i>, biểu trưng cho sự tự chủ tuyệt đối trong hình thái Thần. Mái tóc <strong>màu đỏ tươi đặc trưng của SSG</strong> được tạo hình gọn gàng nhưng vẫn toát lên vẻ <i>mạnh mẽ và uy lực</i>. Vóc dáng săn chắc, cơ bắp cuồn cuộn được điêu khắc <i>tinh xảo</i>, thể hiện rõ sức mạnh nội tại mà không cần đến sự phô trương.</p><h3>2. <strong>Bộ Giáp Saiyan Biểu Tượng &amp; Trang Phục Hoàn Hảo</strong></h3><p>Vegeta thường xuất hiện trong <strong>bộ giáp Saiyan huyền thoại</strong>, có thể là phiên bản áo giáp xanh dương/đen hoặc áo giáp chiến đấu truyền thống. <i>Từng mảnh giáp, miếng đệm vai, găng tay và giày</i> đều được <strong>điêu khắc và sơn tỉ mỉ</strong>, tái hiện chân thực chất liệu và độ mòn chiến trận (nếu có). Các nếp gấp trên phần vải của trang phục cũng được làm rất tự nhiên, tạo cảm giác <i>mềm mại và chân thực</i>.</p><h3>3. <strong>Tư Thế Động Lực &amp; Khí Chất Hoàng Gia Bùng Nổ</strong></h3><p>Mô hình được đặt trong một tư thế <i>đầy tính biểu tượng và động lực</i>, như đang chuẩn bị giải phóng một đòn tấn công hủy diệt (ví dụ: Final Flash), hoặc đứng hiên ngang với <strong>khí chất bất khuất của một hoàng tử Saiyan</strong>. Tư thế này không chỉ thể hiện sức mạnh mà còn cả <i>sự tập trung cao độ và lòng tự tôn</i> của Vegeta.</p><p>&nbsp;</p><h2>II. Vật Liệu Chuyên Biệt &amp; Hoàn Thiện Nghệ Thuật Tối Ưu</h2><h3>1. <strong>Chất Liệu PVC &amp; ABS Cao Cấp</strong></h3><p>Mô hình được chế tác từ <strong>nhựa PVC và ABS chất lượng cao</strong>, đảm bảo <i>độ bền vượt trội</i>, khả năng giữ form dáng ổn định và chống chịu tốt với điều kiện môi trường. Các vật liệu này mang lại <i>cảm giác đầm tay và chắc chắn</i>, đồng thời cho phép tái tạo chi tiết một cách cực kỳ tinh vi.</p><h3>2. <strong>Kỹ Thuật Sơn Phủ Đa Lớp &amp; Hiệu Ứng Ánh Sáng Tinh Xảo</strong></h3><p>Quy trình sơn được thực hiện bằng <strong>kỹ thuật thủ công cao cấp</strong>, áp dụng nhiều lớp màu và sắc độ để tạo ra <i>hiệu ứng chuyển sắc tinh tế</i>, bóng bẩy và chiều sâu cho từng chi tiết. Từ <i>sắc đỏ của mái tóc phát sáng</i>, tông màu da chân thực đến <i>ánh kim của bộ giáp</i>, tất cả đều được xử lý để đạt được <strong>mức độ chân thực và nghệ thuật cao nhất</strong>, biến mô hình thành một tác phẩm điêu khắc sống động.</p><p>&nbsp;</p><h2>III. Giá Trị Sưu Tầm &amp; Trưng Bày Đẳng Cấp</h2><h3><strong>Biểu Tượng Vĩnh Cửu Của Quyết Tâm &amp; Vinh Quang</strong></h3><p>Sở hữu mô hình Super Saiyan God Vegeta không chỉ là việc thêm một vật phẩm vào bộ sưu tập; đó là <strong>sở hữu một phần di sản</strong> và <i>tinh thần chiến đấu không ngừng nghỉ của Dragon Ball</i>. Đây là sự khẳng định cho niềm đam mê của bạn, một <i>biểu tượng của sự kiêu hãnh, ý chí vượt qua giới hạn</i> và khát vọng đạt đến đỉnh cao sức mạnh đã gắn liền với hành trình của Vegeta.</p><p>&nbsp;</p>', 3200000.00, 'images/products/m-hnh-dragonball/super-saiyan-god-vegeta-hong-t-saiyan-ng-cu-th/main_1749623661_6849236dcbb9c.jpg', 16, false, '2025-06-11 06:34:21', 2950000.00, 19),
(42, 'Mô Hình Metal Build Lữ Bố (Motor Nuclear MNQ-05X Lu Bu) - Chiến Thần Tam Quốc: Tuyệt Tác Cơ Khí Đỉnh Cao', '<p><i><strong>Giải phóng sức mạnh và vẻ đẹp kiêu hãnh của "Chiến Thần" Lữ Bố với mô hình Metal Build MNQ-05X Lu Bu – một tuyệt tác kỹ thuật và nghệ thuật, tái hiện hoàn hảo vị tướng bất khả chiến bại trong một phong cách cơ khí đầy ấn tượng.</strong></i></p><p>Đây không chỉ là một mô hình, mà là <i>một tuyên ngôn về kỹ thuật chế tác đỉnh cao</i>, kết hợp hài hòa giữa <strong>chất liệu kim loại đúc (die-cast) cao cấp</strong> và nhựa ABS bền bỉ. Mỗi đường nét, mỗi khớp nối đều được thiết kế để mang lại <i>cảm giác cầm nắm đầm tay</i>, <strong>độ bền vượt trội</strong> và <i>khả năng pose dáng linh hoạt chưa từng có</i>. Mô hình Metal Build Lữ Bố hứa hẹn sẽ trở thành <strong>trái tim kiêu hãnh</strong> trong bộ sưu tập của mọi nhà sưu tầm đam mê mô hình mecha và huyền thoại Tam Quốc.</p><p>&nbsp;</p><h2>I. Đặc Tính Nổi Bật &amp; Thiết Kế Độc Quyền</h2><h3>1. <strong>Thiết Kế Cơ Khí Độc Đáo, Lấy Cảm Hứng Từ Huyền Thoại Lữ Bố</strong></h3><p>Mô hình này là sự kết hợp táo bạo giữa <i>tính biểu tượng của Lữ Bố</i> – với mũ phượng vũ, áo giáp chiến và Phương Thiên Họa Kích – cùng với <strong>thiết kế mecha hiện đại và hầm hố</strong>. <i>Từng lớp giáp, từng chi tiết cơ khí</i> được điêu khắc tinh xảo, tạo nên một tổng thể vừa mạnh mẽ, vừa uyển chuyển. Tông màu chủ đạo <strong>đỏ rực, vàng đồng, đen và bạc kim loại</strong> càng làm nổi bật vẻ ngoài hung tợn và quyền lực của Chiến Thần.</p><h3>2. <strong>Vật Liệu Die-cast Cao Cấp – Trải Nghiệm Cầm Nắm Vượt Trội</strong></h3><p>Một trong những đặc điểm nổi bật nhất của dòng Metal Build là việc sử dụng <strong>khung xương và các khớp nối quan trọng bằng kim loại đúc (die-cast)</strong>. Điều này mang lại cho mô hình một <i>trọng lượng đáng kể</i>, tạo cảm giác <strong>đầm tay và chắc chắn</strong> khi cầm nắm, khác biệt hoàn toàn so với mô hình nhựa thông thường. Chất liệu kim loại cũng góp phần <i>tăng cường độ bền</i> và sự ổn định cho các tư thế pose dáng phức tạp theo thời gian.</p><h3>3. <strong>Khả Năng Khớp Nối Linh Hoạt &amp; Tư Thế Hành Động Đa Dạng</strong></h3><p>Với hệ thống khớp nối <strong>cực kỳ linh hoạt và biên độ cử động rộng</strong>, mô hình Metal Build Lữ Bố cho phép người chơi tùy ý tạo ra <i>vô số tư thế chiến đấu</i> đầy kịch tính và đẹp mắt. Từ những pha vung kích uy lực, tư thế giương cung chuẩn xác, đến các động tác cận chiến đầy dũng mãnh, mọi chuyển động đều có thể được tái hiện một cách <i>mượt mà và tự nhiên</i>.</p><p>&nbsp;</p><h2>II. Hoàn Thiện Nghệ Thuật &amp; Phụ Kiện Độc Quyền</h2><h3>1. <strong>Sơn Phủ Đa Lớp &amp; Chi Tiết Sơn Tinh Xảo</strong></h3><p>Bề mặt mô hình được áp dụng <strong>kỹ thuật sơn phủ tiên tiến</strong>, với nhiều lớp màu và sắc độ để tạo ra <i>hiệu ứng kim loại sáng bóng</i>, độ sâu và chân thực. Các chi tiết nhỏ như <strong>vết hao mòn chiến trận (weathering)</strong>, đường kẻ panel line hay các chi tiết chạm khắc đều được xử lý <i>tỉ mỉ bằng tay</i>, mang lại một <strong>vẻ đẹp hoàn mỹ và cao cấp</strong> cho từng bộ phận.</p><h3>2. <strong>Vũ Khí Biểu Tượng &amp; Phụ Kiện Đi Kèm Hoành Tráng</strong></h3><p>Đi kèm với mô hình là các <strong>vũ khí và phụ kiện không thể thiếu</strong> của Lữ Bố, được chế tác với <i>cùng độ chi tiết và chất lượng cao</i>:</p><ul><li><strong>Phương Thiên Họa Kích:</strong> Chiếc kích khổng lồ được thiết kế ấn tượng, với lưỡi sắc bén và các chi tiết chạm khắc phức tạp, có thể cầm nắm linh hoạt.</li><li><strong>Cung Tên:</strong> Một số phiên bản đi kèm cung và mũi tên, có thể tích hợp <i>hiệu ứng năng lượng</i> hoặc các chi tiết khớp nối để tái hiện hành động bắn.</li><li><strong>Áo Choàng:</strong> Áo choàng được làm từ vật liệu mềm hoặc có khớp nối, giúp tạo cảm giác động và tăng thêm sự uy nghi cho tổng thể.</li><li><strong>Ngựa Xích Thố (phiên bản Deluxe/Special Edition):</strong> Các phiên bản đặc biệt có thể bao gồm mô hình ngựa Xích Thố được chế tác cực kỳ chi tiết, có thể pose dáng, tạo nên <strong>bộ đôi hoàn hảo</strong> cùng Lữ Bố.</li></ul><p>&nbsp;</p><h2>III. Giá Trị Trưng Bày &amp; Sưu Tầm Đẳng Cấp</h2><h3>1. <strong>Hệ Thống Đèn LED Ấn Tượng&nbsp;</strong></h3><p>Một số phiên bản cao cấp của mô hình có thể tích hợp <strong>hệ thống đèn LED tinh xảo</strong> tại các vị trí chiến lược như mắt, ngực, hoặc trên vũ khí. Khi bật sáng, hiệu ứng này sẽ <i>tăng thêm vẻ siêu thực và uy lực</i> cho mô hình, đặc biệt ấn tượng khi trưng bày trong điều kiện thiếu sáng.</p><h3>2. <strong>Đế Trưng Bày Chuyên Dụng &amp; Hộp Sản Phẩm Sang Trọng</strong></h3><p>Mỗi mô hình đi kèm <strong>đế trưng bày vững chắc và được thiết kế đặc biệt</strong>, có thể hỗ trợ các tư thế bay lượn hoặc chiến đấu. Hộp sản phẩm được thiết kế <strong>sang trọng và bắt mắt</strong>, phản ánh đúng <i>giá trị cao cấp</i> của sản phẩm, là một phần không thể thiếu của trải nghiệm unboxing và sưu tầm.</p><h3>3. <strong>Tuyệt Phẩm Dành Cho Nhà Sưu Tầm Chân Chính</strong></h3><p>Sở hữu mô hình Metal Build Lữ Bố không chỉ là việc bổ sung một món đồ chơi; đó là <strong>nâng tầm bộ sưu tập của bạn</strong> với một <i>tác phẩm nghệ thuật cơ khí đầy cảm hứng</i>. Nó là sự kết hợp hoàn hảo giữa <i>huyền thoại lịch sử và khoa học viễn tưởng</i>, mang lại <strong>giá trị thẩm mỹ và cảm xúc</strong> sâu sắc cho những ai đam mê mô hình chất lượng cao và câu chuyện về các vị chiến thần.</p>', 6000000.00, 'images/products/action-figure/m-hnh-metal-build-l-b-motor-nuclear-mnq-05x-lu-bu-chin-thn-tam-quc-tuyt-tc-c-kh-nh-cao/main_1749624837_68492805a4b86.jpg', 26, false, '2025-06-11 06:53:57', 5250000.00, 19),
(43, 'Roronoa Zoro - Kiếm Sĩ Tam Kiếm Huyền Thoại, Biểu Tượng Sức Mạnh Và Quyết Tâm', '<p><i><strong>Được mệnh danh là "Thợ Săn Hải Tặc" và là kiếm sĩ tài ba nhất của băng Mũ Rơm, Roronoa Zoro giờ đây hiện diện dưới hình thái mô hình cao cấp, một tác phẩm nghệ thuật điêu khắc đỉnh cao dành riêng cho những người hâm mộ cuồng nhiệt và nhà sưu tầm discerning.</strong></i></p><p>Mô hình này không chỉ đơn thuần là vật phẩm trưng bày; <i>nó là sự tái hiện sống động của tinh thần võ sĩ đạo, sức mạnh phi thường và ý chí kiên định</i> của Zoro trên hành trình trở thành kiếm sĩ vĩ đại nhất thế giới. Từ <strong>vết sẹo huyền thoại</strong> trên ngực, <strong>ánh mắt sắc lạnh</strong>, cho đến <strong>ba thanh kiếm trứ danh</strong> được cầm chắc trong tư thế sẵn sàng chiến đấu, mỗi chi tiết đều được nghiên cứu và điêu khắc với độ chính xác tuyệt đối, mang đến một Zoro <i>chân thực đến kinh ngạc</i>, sẵn sàng dẫn dắt bộ sưu tập của bạn đến những trận chiến vĩ đại.</p><p>&nbsp;</p><h2>I. Đặc Tính Nổi Bật &amp; Hoàn Thiện Hình Ảnh Xuất Sắc</h2><h3>1. <strong>Thiết Kế Đỉnh Cao &amp; Tái Hiện Trung Thực Khí Chất Võ Sĩ</strong></h3><p>Mô hình khắc họa Zoro với <strong>độ trung thực đáng kinh ngạc</strong> so với phiên bản anime và manga. <i>Từng đường nét cơ bắp săn chắc, cuồn cuộn</i> trên thân hình Zoro được điêu khắc tỉ mỉ, thể hiện rõ ràng sức mạnh thể chất của một kiếm sĩ hàng đầu. Khuôn mặt anh mang biểu cảm <i>nghiêm nghị, quyết tâm</i>, với <strong>ánh mắt sắc bén</strong> như đang nhìn thẳng vào đối thủ.</p><h3>2. <strong>Ba Thanh Kiếm Huyền Thoại &amp; Tư Thế Chiến Đấu Động Lực</strong></h3><p>Điểm nhấn làm nên tên tuổi của Zoro chính là <strong>Tam Kiếm Phái</strong>. <i>Ba thanh kiếm trứ danh</i> – Wado Ichimonji, Sandai Kitetsu và Enma (tùy phiên bản) – được tái tạo <strong>tinh xảo đến từng chi tiết</strong> lưỡi kiếm, vỏ kiếm và chuôi kiếm. Mô hình thường được đặt trong một tư thế <i>đầy kịch tính và uy lực</i>, như đang thi triển một chiêu thức kiếm thuật đặc trưng (ví dụ: Santoryu Ogi: Ichidai Sanzen Daisen Sekai) hoặc tư thế sẵn sàng rút kiếm, <strong>toát lên sự dũng mãnh và tốc độ</strong>.</p><h3>3. <strong>Trang Phục &amp; Phụ Kiện Biểu Tượng</strong></h3><p>Trang phục của Zoro (có thể là võ phục truyền thống, trang phục Wano với áo choàng, hoặc áo choàng samurai) được điêu khắc với <i>các nếp gấp vải tự nhiên và hiệu ứng chuyển động</i>, tạo cảm giác chân thực. Các chi tiết nhỏ như <strong>băng đô màu xanh</strong>, <strong>khuyên tai</strong>, và các đường nét trên áo đều được chăm chút, khẳng định <i>sự tỉ mỉ trong từng khía cạnh của mô hình</i>.</p><p>&nbsp;</p><h2>II. Tiêu Chuẩn Chất Lượng Cao Cấp &amp; Hoàn Thiện Nghệ Thuật</h2><h3>1. <strong>Vật Liệu Tuyển Chọn &amp; Độ Bền Vượt Trội</strong></h3><p>Mô hình được chế tác từ <strong>nhựa PVC và ABS cao cấp</strong>, đảm bảo <i>độ bền vượt trội</i>, khả năng chống chịu va đập và giữ form dáng ổn định theo thời gian. Đây là những vật liệu được tin dùng trong ngành sản xuất mô hình cao cấp, mang lại <strong>cảm giác đầm tay và chắc chắn</strong> khi trưng bày.</p><h3>2. <strong>Kỹ Thuật Sơn Tinh Xảo &amp; Đa Tầng</strong></h3><p>Quy trình sơn được thực hiện bằng <strong>kỹ thuật thủ công cao cấp</strong>, áp dụng nhiều lớp màu và sắc độ để tạo ra <i>hiệu ứng chuyển sắc tinh tế</i>, bóng bẩy và chiều sâu cho từng chi tiết. Từ <i>màu da khỏe khoắn</i>, sắc xanh rêu của tóc, đến <i>ánh kim của các lưỡi kiếm</i>, tất cả đều được xử lý để đạt được <strong>mức độ chân thực và nghệ thuật cao nhất</strong>, khiến mô hình trở thành một tác phẩm điêu khắc đích thực.</p><p>&nbsp;</p><h2>III. Giá Trị Sưu Tầm &amp; Trưng Bày Đẳng Cấp</h2><h3><strong>Biểu Tượng Của Tinh Thần Võ Sĩ Đạo &amp; Khát Vọng</strong></h3><p>Sở hữu mô hình Roronoa Zoro không chỉ là việc thêm một vật phẩm vào bộ sưu tập; đó là <strong>sở hữu một biểu tượng của lòng trung thành, ý chí kiên cường và khát vọng không ngừng vươn tới đỉnh cao</strong>. Zoro đại diện cho <i>sức mạnh thầm lặng và sự quyết tâm</i>, một nguồn cảm hứng cho mọi Duelist và fan One Piece trên hành trình của riêng mình.</p>', 1990000.00, 'images/products/m-hnh-one-piece/roronoa-zoro-kim-s-tam-kim-huyn-thoi-biu-tng-sc-mnh-v-quyt-tm/main_1749625248_684929a0a2c45.jpg', 27, false, '2025-06-11 07:00:48', NULL, 19),
(44, 'Monkey D. Luffy - Gear 5 "Joy Boy" - Giải Phóng Tinh Thần Tự Do', '<p><i><strong>Giải phóng sức mạnh tối thượng của "Chiến binh Tự Do" với mô hình Monkey D. Luffy Gear 5 – Nika (Joy Boy) này – một kiệt tác điêu khắc tái hiện hoàn hảo khoảnh khắc Luffy thức tỉnh và trở thành biểu tượng của niềm vui, tiếng cười và sự giải phóng khỏi mọi xiềng xích!</strong></i></p><p>Đây không chỉ là một mô hình, mà là <i>hiện thân của một kỷ nguyên mới trong One Piece</i>, đánh dấu đỉnh cao sức mạnh của Luffy. Được chế tác với sự tỉ mỉ vượt trội, mô hình này nắm bắt trọn vẹn <i>khí chất hoạt bát, nét biểu cảm hài hước nhưng đầy uy lực</i> của Luffy ở trạng thái Gear 5. Từ <strong>mái tóc trắng bồng bềnh như mây</strong>, làn da trắng mịn màng, đến <strong>ánh mắt rực lửa với vòng tròn đỏ</strong> và <i>những đám mây đặc trưng quấn quanh cổ</i>, mọi chi tiết đều được tái hiện với <strong>độ chân thực và nghệ thuật cao nhất</strong>, mang đến một Luffy Gear 5 sống động như bước ra từ anime, sẵn sàng mang nụ cười và sự hỗn loạn đáng yêu đến bộ sưu tập của bạn.</p><p>&nbsp;</p><h2>I. Đặc Tính Nổi Bật &amp; Tối Ưu Hóa Trải Nghiệm Thị Giác</h2><h3>1. <strong>Thiết Kế Đột Phá &amp; Tái Hiện Hoàn Hảo Hình Thái "Thức Tỉnh"</strong></h3><p>Mô hình khắc họa Luffy Gear 5 với <strong>độ chính xác tuyệt đối</strong>, thể hiện rõ ràng <i>sự chuyển đổi ngoạn mục</i> từ vẻ ngoài bình thường sang <strong>hình thái "Thần Mặt Trời Nika"</strong> đặc trưng. <i>Từng đường nét cơ thể căng phồng</i>, biểu cảm khuôn mặt linh hoạt, và đặc biệt là <strong>mái tóc trắng như mây được điêu khắc động</strong>, tạo cảm giác <i>như đang bồng bềnh trong không khí</i>, tái hiện hoàn hảo tính chất cao su hóa môi trường xung quanh.</p><h3>2. <strong>Sự Động Lực Tuyệt Đối &amp; Tư Thế Phá Cách</strong></h3><p>Mô hình được tạo dáng trong một tư thế <i>cực kỳ động lực và biểu cảm</i>, phản ánh <i>bản chất tự do và hoạt bát</i> của Gear 5. Có thể là Luffy đang <strong>nhảy múa điên cuồng</strong>, <i>vươn tay dài bất ngờ</i>, hoặc chuẩn bị tung ra một đòn đánh hài hước nhưng đầy sức mạnh. Mỗi tư thế đều <strong>toát lên năng lượng bùng nổ</strong> và tinh thần giải phóng của "Joy Boy".</p><h3>3. <strong>Chi Tiết Năng Lượng &amp; Phụ Kiện Biểu Tượng (Tùy Phiên Bản)</strong></h3><p>Để tăng thêm tính chân thực, các phiên bản cao cấp có thể tích hợp <strong>hiệu ứng năng lượng trong suốt</strong> mô phỏng <i>những tia sét trắng hoặc mây cuộn xoáy</i> xung quanh Luffy, biểu thị sức mạnh Haki và năng lượng thức tỉnh. Một số mô hình còn đi kèm với <strong>các phụ kiện độc đáo</strong> như <i>cánh tay kéo dài</i>, <i>biểu cảm khuôn mặt thay thế</i>, hoặc <i>hiệu ứng va chạm</i>, cho phép người sưu tầm tùy chỉnh và tái hiện các khoảnh khắc mang tính biểu tượng.</p><p>&nbsp;</p><h2>II. Tiêu Chuẩn Sản Xuất &amp; Hoàn Thiện Chất Lượng Cao Cấp</h2><h3>1. <strong>Vật Liệu Đáng Tin Cậy &amp; Kết Cấu Vững Chãi</strong></h3><p>Được chế tác từ <strong>nhựa PVC và ABS cao cấp</strong>, mô hình đảm bảo <i>độ bền vượt trội</i>, khả năng giữ form dáng và chống phai màu theo thời gian. Các vật liệu này không chỉ mang lại <strong>cảm giác đầm tay</strong> mà còn cho phép các chi tiết <i>mỏng manh như mây hay tóc được điêu khắc một cách tinh tế</i> mà vẫn đảm bảo độ chắc chắn.</p><h3>2. <strong>Kỹ Thuật Sơn Chuyên Nghiệp &amp; Đa Sắc Thái</strong></h3><p>Quy trình sơn được thực hiện bằng <strong>kỹ thuật thủ công tinh xảo</strong>, áp dụng nhiều lớp màu và sắc độ để tạo ra <i>hiệu ứng chuyển sắc tinh tế</i>, bóng bẩy và chiều sâu. Từ <i>sắc trắng tinh khiết của làn da và tóc</i>, đến <i>màu đỏ rực của vòng tròn mắt</i>, và <i>các chi tiết shading</i> trên trang phục, tất cả đều được xử lý để đạt được <strong>mức độ chân thực và nghệ thuật cao nhất</strong>, khiến mô hình trở thành một <strong>tác phẩm nghệ thuật điêu khắc đích thực</strong>.</p><p>&nbsp;</p><h2>III. Giá Trị Sưu Tầm &amp; Tuyên Ngôn Đam Mê</h2><h3><strong>Biểu Tượng Của Tự Do &amp; Hy Vọng</strong></h3><p>Sở hữu mô hình Luffy Gear 5 không chỉ là việc thêm một vật phẩm vào bộ sưu tập; đó là <strong>sở hữu một phần của huyền thoại</strong>, <i>một biểu tượng của sự tự do tuyệt đối, ý chí bất khuất và khả năng vượt qua mọi giới hạn</i>. Đây là <strong>minh chứng cho niềm đam mê</strong> của bạn với One Piece, và là nguồn cảm hứng không ngừng cho bất kỳ ai muốn <i>sống cuộc đời phiêu lưu</i> và <strong>mang lại nụ cười</strong> cho thế giới xung quanh.</p>', 7400000.00, 'images/products/m-hnh-one-piece/monkey-d-luffy-gear-5-joy-boy-gii-phng-tinh-thn-t-do/main_1749625718_68492b7657beb.jpg', 27, false, '2025-06-11 07:08:38', NULL, 19),
(45, 'Portgas D. Ace - Hỏa Quyền Bất Diệt', '<p><i><strong>Được biết đến là "Hỏa Quyền Ace", biểu tượng của ý chí tự do và ngọn lửa bất diệt, Portgas D. Ace giờ đây kiêu hãnh hiện diện dưới hình thái mô hình cao cấp, một tác phẩm nghệ thuật chế tác tỉ mỉ dành riêng cho những fan One Piece chân chính và nhà sưu tầm discerning.</strong></i></p><p>Mô hình này không chỉ đơn thuần là vật phẩm trưng bày; <i>nó là sự tái hiện sống động của một huyền thoại</i>, nắm bắt trọn vẹn <i>khí chất ngạo nghễ, vẻ đẹp nam tính và sức mạnh rực cháy của ngọn lửa Mera Mera no Mi</i> đã định hình nên Ace. Từ <strong>hình xăm "ASCE"</strong> biểu tượng đến <strong>ngọn lửa bùng cháy xung quanh</strong>, mỗi chi tiết đều được nghiên cứu và điêu khắc với độ chính xác tuyệt đối, mang đến một Ace <i>chân thực đến kinh ngạc</i>, sẵn sàng giải phóng "Hiken" vào không gian của bạn.</p><p>&nbsp;</p><h2>I. Đặc Tính Nổi Bật &amp; Hoàn Thiện Hình Ảnh Xuất Sắc</h2><h3>1. <strong>Thiết Kế Đỉnh Cao &amp; Tái Hiện Trung Thực Nguyên Bản</strong></h3><p>Mô hình Portgas D. Ace được tạo hình với <strong>độ trung thực đáng kinh ngạc</strong> so với phiên bản anime và manga huyền thoại. <i>Từng đường nét cơ bắp săn chắc, biểu cảm khuôn mặt tự tin nhưng đôi khi mang chút buồn bã</i>, đều được điêu khắc tinh xảo. Từ mái tóc đen rối đến những vết sẹo nhỏ (nếu có), mọi chi tiết đều góp phần tạo nên một Ace sống động như thật.</p><h3>2. <strong>Trang Phục Biểu Tượng &amp; Phụ Kiện Đặc Trưng</strong></h3><p>Ace thường được khắc họa trong bộ trang phục <i>điển hình của mình</i>: quần short tối màu, đai thắt lưng cam, đôi ủng cao và chiếc mũ cao bồi có gắn hai mặt cười và mặt buồn. <i>Chuỗi hạt và vòng cổ</i> biểu tượng cũng được tái hiện tỉ mỉ. <strong>Mỗi chi tiết nhỏ</strong> như khóa thắt lưng, găng tay đều được chú trọng, thể hiện sự đầu tư cao độ vào tính chân thực của mô hình.</p><h3>3. <strong>Hiệu Ứng Lửa Mera Mera no Mi &amp; Tư Thế Động Lực Ấn Tượng</strong></h3><p>Điểm nhấn làm nên sự vĩ đại của Ace chính là <strong>khả năng điều khiển lửa</strong>. Mô hình thường được thiết kế với <i>các hiệu ứng lửa rực cháy</i> được tạo hình bằng vật liệu trong suốt hoặc chuyển màu, bao quanh cơ thể hoặc từ nắm đấm của anh. Ace thường được đặt trong một tư thế <i>đầy kịch tính và uy lực</i>, như đang tung "Hỏa Quyền" hoặc chuẩn bị giải phóng năng lượng.</p><p>&nbsp;</p><h2>II. Tiêu Chuẩn Chất Lượng Cao Cấp &amp; Hoàn Thiện Nghệ Thuật</h2><h3>1. <strong>Vật Liệu Tuyển Chọn &amp; Độ Bền Vượt Trội</strong></h3><p>Mô hình được chế tác từ <strong>nhựa PVC và ABS cao cấp</strong>, đảm bảo <i>độ bền vượt trội</i>, khả năng chống chịu va đập và giữ form dáng ổn định theo thời gian. Đây là những vật liệu được tin dùng trong ngành sản xuất mô hình cao cấp, mang lại <strong>cảm giác đầm tay và chắc chắn</strong> khi cầm nắm, đảm bảo tuổi thọ lâu dài cho sản phẩm.</p><h3>2. <strong>Kỹ Thuật Sơn Tinh Xảo &amp; Đa Tầng</strong></h3><p>Quy trình sơn được thực hiện bằng <strong>kỹ thuật thủ công cao cấp</strong>, áp dụng nhiều lớp màu và sắc độ để tạo ra <i>hiệu ứng chuyển sắc tinh tế</i>, bóng bẩy và chiều sâu cho từng chi tiết. Từ <i>màu da rám nắng của Ace</i>, màu lửa rực cháy, đến <i>màu sắc chân thực của trang phục</i>, tất cả đều được xử lý để đạt được <strong>mức độ chân thực và nghệ thuật cao nhất</strong>, khiến mô hình trở thành một tác phẩm điêu khắc đích thực.</p><p>&nbsp;</p><h2>III. Giá Trị Sưu Tầm &amp; Trưng Bày Đẳng Cấp</h2><h3><strong>Biểu Tượng Bất Diệt Của Tinh Thần Hải Tặc</strong></h3><p>Sở hữu mô hình Portgas D. Ace không chỉ là việc thêm một vật phẩm vào bộ sưu tập; đó là <strong>sở hữu một phần lịch sử</strong> và <i>tinh thần bất diệt của One Piece</i>. Đây là sự khẳng định cho niềm đam mê của bạn, một <i>biểu tượng của tự do, tình anh em và ý chí không bao giờ khuất phục</i>, đã gắn liền với ký ức và cảm xúc của hàng triệu người hâm mộ trên khắp thế giới.</p>', 17900000.00, 'images/products/m-hnh-one-piece/portgas-d-ace-ha-quyn-bt-dit/main_1749625942_68492c5625aba.jpg', 27, true, '2025-06-11 07:12:22', 15700000.00, 19),
(46, 'Sir Crocodile - Bá Vương Sa Mạc Vô Tận', '<p><i><strong>Chào mừng sự trở lại của một trong những nhân vật phản diện mang tính biểu tượng nhất của One Piece – Sir Crocodile, giờ đây được tái hiện đầy uy lực trong tác phẩm nghệ thuật statue cao cấp từ Jimei Palace. Đây không chỉ là một mô hình, mà là một kiệt tác điêu khắc, thể hiện hoàn hảo khí chất thống trị và sức mạnh của Bá Vương Sa Mạc.</strong></i></p><p>Mô hình này là sự kết hợp hoàn hảo giữa <i>nghệ thuật thủ công bậc thầy</i> và <i>công nghệ điêu khắc tiên tiến</i>, nắm bắt trọn vẹn vẻ ngoài lạnh lùng, tàn nhẫn và quyền năng của Crocodile. Từ chiếc móc vàng lấp lánh, làn khói thuốc lá bay lượn, đến những hiệu ứng cát đầy mê hoặc, <strong>mỗi chi tiết đều được chế tác với sự tỉ mỉ tuyệt đối</strong>, biến bộ sưu tập của bạn thành một phần của đại dương cát vô tận Alabasta. Đây là sản phẩm không thể thiếu cho những nhà sưu tầm <strong>đam mê sự độc đáo và chất lượng đỉnh cao</strong>.</p><p>&nbsp;</p><h2>I. Đặc Tính Nổi Bật &amp; Hoàn Thiện Hình Ảnh Xuất Sắc</h2><h3>1. <strong>Thiết Kế Đỉnh Cao &amp; Tái Hiện Biểu Cảm Chân Thực</strong></h3><p>Mô hình Crocodile được tạo hình với <strong>độ chân thực đáng kinh ngạc</strong>, tái hiện khuôn mặt lạnh lùng, khắc nghiệt và nụ cười khẩy đặc trưng của cựu Shichibukai. <i>Từng đường nét sắc sảo trên khuôn mặt, những vết sẹo</i>, và biểu cảm ánh mắt kiêu ngạo đều được khắc họa chi tiết, toát lên <strong>khí chất của một kẻ thống trị</strong>. Trang phục vest sang trọng, áo khoác lông cùng chiếc khăn rằn bí ẩn được điêu khắc <i>mượt mà và có chiều sâu</i>, tạo cảm giác về chất liệu thực tế.</p><h3>2. <strong>Hiệu Ứng Sức Mạnh Trái Ác Quỷ "Suna Suna no Mi" Đầy Mê Hoặc</strong></h3><p>Điểm nhấn làm nên sự vĩ đại của mô hình này chính là <strong>hiệu ứng cát (Sand-Sand Fruit) được tái hiện một cách ngoạn mục</strong>. <i>Những luồng cát cuộn xoáy, nhọn hoắt</i> được chế tác bằng nhựa trong suốt cao cấp, tạo cảm giác như Crocodile đang biến đổi thành cát hoặc tạo ra những lưỡi kiếm cát chết người. Các hiệu ứng này không chỉ làm tăng tính động cho mô hình mà còn phản ánh <strong>sức mạnh khủng khiếp</strong> của anh ta.</p><h3>3. <strong>Chiếc Móc Vàng Biểu Tượng &amp; Khói Thuốc Lá</strong></h3><p>Chiếc móc vàng đặc trưng của Crocodile được điêu khắc với <strong>độ tinh xảo tuyệt đối</strong>, từ <i>ánh kim loại bóng bẩy</i> đến các chi tiết gờ và chốt nhỏ. Đặc biệt, Jimei Palace còn thể hiện chi tiết <strong>làn khói thuốc lá mờ ảo</strong> bay lượn từ điếu xì gà của anh, tạo nên một <i>bầu không khí bí ẩn và phong trần</i>, hoàn chỉnh bức tranh về một tay phản diện đầy cuốn hút.</p><p>&nbsp;</p><h2>II. Chất Lượng Chế Tác &amp; Hoàn Thiện Nghệ Thuật Cao Cấp</h2><h3>1. <strong>Vật Liệu Cao Cấp &amp; Độ Bền Vượt Trội</strong></h3><p>Được chế tác từ <strong>Resin Polyurethane chất lượng cao</strong> (hoặc vật liệu tương đương), mô hình này đảm bảo <i>độ bền vượt trội</i>, khả năng chống chịu va đập và giữ chi tiết hoàn hảo theo thời gian. Đây là vật liệu được tin dùng cho các <i>statue sưu tầm cao cấp</i>, mang lại <strong>cảm giác nặng tay và chắc chắn</strong>, xứng tầm với một tác phẩm nghệ thuật.</p><h3>2. <strong>Kỹ Thuật Sơn Nâng Cao &amp; Đa Tầng Sắc Độ</strong></h3><p>Quy trình sơn được thực hiện bằng <strong>kỹ thuật thủ công bậc thầy</strong>, áp dụng nhiều lớp màu và sắc độ để tạo ra <i>hiệu ứng chuyển sắc tinh tế</i>, bóng bẩy và chiều sâu chân thực cho từng chi tiết. Từ <i>màu da lạnh lùng</i>, sắc thái trang phục, đến <i>ánh kim của chiếc móc</i>, tất cả đều được xử lý để đạt được <strong>mức độ chân thực và nghệ thuật cao nhất</strong>, khiến mô hình trở thành một điểm nhấn độc đáo trong bất kỳ bộ sưu tập nào.</p><p>&nbsp;</p><h2>III. Giá Trị Sưu Tầm &amp; Trưng Bày Đẳng Cấp</h2><h3><strong>Kiệt Tác Tuyệt Vời Dành Cho Người Hâm Mộ One Piece</strong></h3><p>Sở hữu mô hình Crocodile từ Jimei Palace không chỉ là việc thêm một vật phẩm vào bộ sưu tập; đó là <strong>sở hữu một phần lịch sử</strong> và <i>sức ảnh hưởng vĩnh cửu của One Piece</i>. Đây là sự khẳng định cho niềm đam mê của bạn, một <strong>biểu tượng của sự độc lập, quyền lực</strong> và những âm mưu phức tạp trong thế giới hải tặc, mang lại một trải nghiệm trưng bày <i>đẳng cấp và đầy cảm xúc</i>.</p>', 26500000.00, 'images/products/m-hnh-one-piece/sir-crocodile-b-vng-sa-mc-v-tn/main_1749626207_68492d5fee52d.jpg', 27, false, '2025-06-11 07:16:47', NULL, 19),
(47, 'Râu Đen (Blackbeard) - Sự Kết Hợp Đột Phá Giữa Sức Mạnh Hải Tặc và Tốc Độ Siêu Xe', '<p><i><strong>Được ra đời từ sự hợp tác táo bạo và đầy sáng tạo của Ferrari Studio, mô hình Râu Đen (Marshall D. Teach) này không chỉ là một vật phẩm sưu tầm mà còn là một tuyên ngôn nghệ thuật độc đáo, pha trộn giữa sự hung tợn của Yonko Râu Đen với vẻ đẹp tinh xảo, tốc độ và đẳng cấp của một siêu xe Ferrari.</strong></i></p><p>Đây là một <i>kiệt tác hiếm có</i>, nơi sức mạnh tăm tối của "Kẻ Lãnh Đạo Bóng Đêm" được tái hiện qua ngôn ngữ thiết kế của một thương hiệu xe hơi huyền thoại. Mô hình này không chỉ làm nổi bật <strong>những đặc điểm biểu tượng của Râu Đen</strong> mà còn thổi vào đó <i>linh hồn tốc độ và sự sang trọng</i>, tạo nên một sản phẩm <strong>đột phá và không thể bỏ qua</strong> trong bộ sưu tập của bất kỳ người hâm mộ One Piece hay tín đồ siêu xe nào.</p><p>&nbsp;</p><h2>I. Đặc Tính Nổi Bật &amp; Hoàn Thiện Nghệ Thuật Độc Đáo</h2><h3>1. <strong>Thiết Kế Đột Phá &amp; Hài Hòa Hai Phong Cách</strong></h3><p>Mô hình Râu Đen phiên bản Ferrari Studio nổi bật với sự <strong>tích hợp khéo léo</strong> giữa các yếu tố đặc trưng của Marshall D. Teach và <i>cảm hứng từ thiết kế xe Ferrari</i>. Từ vóc dáng đồ sộ, cơ bắp cuồn cuộn của Râu Đen đến các chi tiết được cách điệu theo phong cách siêu xe (như <strong>đường nét khí động học</strong>, <i>phần giáp mô phỏng carbon fiber</i>, hoặc <strong>logo Ferrari</strong> được lồng ghép tinh tế), tất cả tạo nên một tổng thể <i>ấn tượng và chưa từng có</i>. Tông màu chủ đạo thường là đen, đỏ và vàng, thể hiện sự mạnh mẽ và quyền lực.</p><h3>2. <strong>Tái Hiện Chân Dung &amp; Thần Thái Uy Hiếp Của Yonko</strong></h3><p><i>Khuôn mặt Râu Đen được điêu khắc với độ chính xác cao</i>, tái hiện biểu cảm gian xảo, ánh mắt hiểm ác và nụ cười ranh mãnh đặc trưng. Bộ râu đen dài, chiếc mũ hải tặc và các món trang sức (nhẫn, dây chuyền) đều được làm tỉ mỉ, nhấn mạnh <strong>thần thái của một Tứ Hoàng tàn bạo và mưu mô</strong>.</p><h3>3. <strong>Phụ Kiện Biểu Tượng &amp; Hiệu Ứng Sức Mạnh Bóng Tối</strong></h3><p>Mô hình đi kèm với các phụ kiện biểu tượng của Râu Đen như <strong>súng lục đa nòng</strong>, <i>kiếm</i>, hoặc <strong>hiệu ứng quyền năng của trái Yami Yami no Mi</strong> (trái ác quỷ Bóng Tối) và <strong>Gura Gura no Mi</strong> (trái ác quỷ Chấn Động). Các hiệu ứng này thường được làm bằng <i>nhựa trong suốt với màu sắc đặc trưng</i> (đen, tím, vàng), tạo cảm giác <strong>động và mạnh mẽ</strong>, như thể Râu Đen đang thi triển sức mạnh hủy diệt của mình.</p><p>&nbsp;</p><h2>II. Tiêu Chuẩn Sản Xuất &amp; Hoàn Thiện Cao Cấp</h2><h3>1. <strong>Chất Liệu Tuyển Chọn &amp; Độ Bền Vượt Trội</strong></h3><p>Được chế tác từ <strong>vật liệu cao cấp như PVC, ABS và có thể có resin</strong> (đối với các chi tiết phức tạp), mô hình đảm bảo <i>độ bền vượt trội</i>, khả năng chống phai màu và giữ form dáng ổn định theo thời gian. Các chi tiết cứng cáp kết hợp với <i>độ linh hoạt cần thiết</i> cho phép mô hình được trưng bày một cách <strong>an toàn và lâu dài</strong>.</p><h3>2. <strong>Kỹ Thuật Sơn Tinh Xảo &amp; Chi Tiết Hoàn Hảo</strong></h3><p>Quy trình sơn được thực hiện bằng <strong>kỹ thuật thủ công chuyên nghiệp</strong>, áp dụng nhiều lớp màu và sắc độ để tạo ra <i>hiệu ứng chuyển sắc tinh tế</i>, bóng bẩy và chiều sâu. Từ <i>màu đen bóng của áo khoác</i>, ánh kim loại trên phụ kiện, đến <i>hiệu ứng da rám nắng</i> của Râu Đen, tất cả đều được xử lý để đạt được <strong>mức độ chân thực và nghệ thuật cao nhất</strong>, phản ánh sự đầu tư của Ferrari Studio vào sản phẩm.</p><p>&nbsp;</p><h2>III. Giá Trị Độc Quyền &amp; Trưng Bày Đẳng Cấp</h2><h3><strong>Phiên Bản Giới Hạn &amp; Giá Trị Sưu Tầm Cao</strong></h3><p>Đây là một sản phẩm <strong>độc đáo và có khả năng là phiên bản giới hạn</strong>, mang lại <i>giá trị sưu tầm vượt trội</i>. Sở hữu mô hình Râu Đen phiên bản Ferrari Studio không chỉ là việc thêm một vật phẩm vào bộ sưu tập; đó là <strong>sở hữu một tuyên ngôn nghệ thuật</strong>, một <i>sự kết hợp hiếm thấy</i> giữa hai thế giới tưởng chừng như đối lập, thể hiện <strong>gu thẩm mỹ và cá tính độc đáo</strong> của chủ nhân.</p>', 9800000.00, 'images/products/m-hnh-one-piece/ru-en-blackbeard-s-kt-hp-t-ph-gia-sc-mnh-hi-tc-v-tc-siu-xe/main_1749626434_68492e4260730.jpg', 27, false, '2025-06-11 07:20:34', 7500000.00, 19);
INSERT INTO "products" ("id", "name", "description", "price", "image", "category_id", "is_featured", "created_at", "discount_price", "brand_id") 
VALUES
(48, 'Boa Hancock - Nữ Hoàng Hải Tặc & Vẻ Đẹp Chết Người', '<p><i><strong>Chinh phục mọi ánh nhìn với sự xuất hiện của Nữ Hoàng Hải Tặc – Boa Hancock, giờ đây kiêu sa trong hình thái mô hình cao cấp, một tác phẩm nghệ thuật điêu khắc đỉnh cao dành riêng cho những nhà sưu tầm và người hâm mộ cuồng nhiệt của One Piece.</strong></i></p><p>Mô hình này không chỉ đơn thuần là vật phẩm trưng bày; <i>nó là sự tái hiện hoàn hảo của vẻ đẹp độc nhất vô nhị</i>, nắm bắt trọn vẹn <i>khí chất quyền lực, sự quyến rũ mê hoặc và thần thái kiêu sa</i> đã biến cô thành một trong những nhân vật nữ được ngưỡng mộ nhất. Từ <strong>mái tóc đen dài óng ả</strong> đến <strong>đôi mắt xanh lục hút hồn</strong> và <strong>nụ cười đầy tự tin</strong>, mỗi chi tiết đều được nghiên cứu và điêu khắc với độ chính xác tuyệt đối, mang đến một Boa Hancock <i>chân thực đến mê hồn</i>, sẵn sàng "hóa đá" bất kỳ ai dám đối diện.</p><p>&nbsp;</p><h2>I. Đặc Tính Nổi Bật &amp; Hoàn Thiện Hình Ảnh Xuất Sắc</h2><h3>1. <strong>Thiết Kế Đỉnh Cao &amp; Vẻ Đẹp Quyến Rũ Tuyệt Đối</strong></h3><p>Mô hình Boa Hancock được tạo hình với <strong>độ trung thực đáng kinh ngạc</strong>, thể hiện rõ <i>từng đường nét duyên dáng, tỉ lệ cơ thể hoàn hảo</i> và vẻ đẹp kiêu sa của Nữ Hoàng. <i>Khuôn mặt được điêu khắc tinh xảo</i>, nắm bắt được biểu cảm đặc trưng của cô: nụ cười tự tin, ánh mắt hút hồn, hoặc vẻ mặt hờn dỗi đáng yêu khi bị Luffy phớt lờ.</p><h3>2. <strong>Trang Phục Biểu Tượng &amp; Phụ Kiện Hoàng Gia Tinh Xảo</strong></h3><p>Trang phục của Hancock, thường là <strong>áo khoác lông vũ dài</strong> và <strong>váy xẻ tà quyến rũ</strong> với họa tiết hoa văn phức tạp, được tái hiện <i>sống động với các nếp gấp vải tự nhiên</i> và độ bay bổng. Các phụ kiện như <strong>hoa tai rắn vàng</strong>, đôi giày cao gót đặc trưng, và <strong>những con rắn sẳn sàng uốn lượn</strong> quanh cô đều được chế tác <strong>tỉ mỉ</strong>, góp phần tạo nên vẻ ngoài <i>sang trọng và quyền quý</i>.</p><h3>3. <strong>Tư Thế Động Lực &amp; Khí Chất Nữ Hoàng Uy Quyền</strong></h3><p>Mô hình thường được đặt trong một tư thế <i>đầy tính biểu tượng và quyền lực</i>, như đang <i>thực hiện chiêu thức "Mero Mero Mellow"</i>, đứng kiêu sa với tay chống hông, hoặc trong một động tác đầy uyển chuyển thể hiện sự linh hoạt của cô. Mỗi tư thế đều toát lên <strong>sức mạnh ẩn giấu</strong> và <i>vẻ tự tin ngút trời</i> của một Shichibukai.</p><p>&nbsp;</p><h2>II. Tiêu Chuẩn Chất Lượng Cao Cấp &amp; Hoàn Thiện Nghệ Thuật</h2><h3>1. <strong>Vật Liệu Tuyển Chọn &amp; Độ Bền Vượt Trội</strong></h3><p>Mô hình được chế tác từ <strong>nhựa PVC và ABS cao cấp</strong>, đảm bảo <i>độ bền vượt trội</i>, khả năng chống chịu va đập và giữ màu sắc ổn định theo thời gian. Đây là những vật liệu được tin dùng trong ngành sản xuất mô hình cao cấp, mang lại <strong>cảm giác chân thực và chắc chắn</strong> khi cầm nắm.</p><h3>2. <strong>Kỹ Thuật Sơn Tinh Xảo &amp; Đa Tầng</strong></h3><p>Quy trình sơn được thực hiện bằng <strong>kỹ thuật thủ công cao cấp</strong>, áp dụng nhiều lớp màu và sắc độ để tạo ra <i>hiệu ứng chuyển sắc tinh tế</i>, bóng bẩy và chiều sâu cho từng chi tiết. Từ <i>mái tóc đen huyền bí</i>, làn da mịn màng đến <i>màu sắc rực rỡ của trang phục và phụ kiện</i>, tất cả đều được xử lý để đạt được <strong>mức độ chân thực và nghệ thuật cao nhất</strong>, khiến mô hình trở thành một tác phẩm điêu khắc đích thực.</p><p>&nbsp;</p><h2>III. Giá Trị Sưu Tầm &amp; Trưng Bày Đẳng Cấp</h2><h3><strong>Biểu Tượng Của Vẻ Đẹp &amp; Quyền Lực</strong></h3><p>Sở hữu mô hình Boa Hancock không chỉ là việc thêm một vật phẩm vào bộ sưu tập; đó là <strong>sở hữu một biểu tượng của vẻ đẹp vượt thời gian</strong>, <i>sức mạnh phi thường và cá tính không thể nhầm lẫn</i> trong vũ trụ One Piece. Đây là sự khẳng định cho niềm đam mê của bạn, một <i>minh chứng cho sự quyến rũ và quyền lực</i> của Nữ Hoàng Hải Tặc.</p>', 2550000.00, 'images/products/m-hnh-one-piece/boa-hancock-n-hong-hi-tc-v-p-cht-ngi/main_1749626785_68492fa13521c.jpg', 27, true, '2025-06-11 07:25:37', 2120000.00, 19),
(49, 'Threezero DLX Optimus Prime - Biểu Tượng Của Công Lý & Quyền Lực', '<p><i><strong>Đắm mình vào vũ trụ Transformers với mô hình Threezero DLX Optimus Prime – một tác phẩm kỹ thuật và nghệ thuật đỉnh cao, tái hiện chân thực thủ lĩnh vĩ đại của Autobots với độ chính xác và chi tiết chưa từng có.</strong></i></p><p>Mô hình này không chỉ là một vật phẩm trưng bày; <i>nó là hiện thân của công lý và lòng dũng cảm</i>, được chế tác để mang đến trải nghiệm <strong>chân thực nhất</strong> về Optimus Prime từ màn ảnh rộng. Với <strong>khung xương die-cast chắc chắn</strong>, khớp nối linh hoạt, và các chi tiết sơn mài tinh xảo, mỗi góc cạnh của mô hình đều toát lên <i>khí chất uy nghi</i> của vị thủ lĩnh, sẵn sàng dẫn dắt Autobots bảo vệ tự do và hòa bình. Đây là một món đồ sưu tầm <strong>không thể thiếu</strong> cho mọi người hâm mộ Transformers, từ lâu đã tìm kiếm một phiên bản Optimus Prime hoàn hảo.</p><p>&nbsp;</p><h2>I. Đặc Tính Nổi Bật &amp; Hoàn Thiện Đỉnh Cao</h2><h3>1. <strong>Thiết Kế Tái Hiện Chính Xác Từ Phim Ảnh</strong></h3><p>Mô hình Optimus Prime được Threezero thiết kế dựa trên <i>phiên bản điện ảnh đầy uy lực</i>, thường là từ các phim như Transformers: Bumblebee hoặc Transformers: Rise of the Beasts. Từng đường nét, tỷ lệ cơ thể, và các chi tiết giáp đều được <strong>tái tạo một cách tỉ mỉ</strong>, đảm bảo <i>tính trung thực tuyệt đối</i> so với hình ảnh trên màn ảnh. Màu sơn xanh dương và đỏ đặc trưng được áp dụng với độ chính xác cao, cùng với các chi tiết kim loại và hao mòn tinh tế.</p><h3>2. <strong>Khung Xương Die-cast &amp; Độ Bền Vượt Trội</strong></h3><p>Là một phần của dòng DLX trứ danh, mô hình Optimus Prime tự hào sở hữu <strong>khung xương nội bằng die-cast (kim loại đúc)</strong>. Vật liệu này không chỉ mang lại <i>trọng lượng đáng kể và cảm giác cầm chắc tay</i> mà còn tăng cường <i>độ bền và sự ổn định</i> cho các khớp nối. Điều này cho phép mô hình giữ được các tư thế pose dáng phức tạp một cách vững chắc và bền bỉ theo thời gian, <strong>giảm thiểu hiện tượng lỏng khớp</strong>.</p><h3>3. <strong>Hệ Thống Khớp Nối Linh Hoạt &amp; Khả Năng Pose Đa Dạng</strong></h3><p>Với <strong>hơn 50 điểm khớp nối</strong> được thiết kế thông minh, mô hình Optimus Prime mang đến <i>khả năng pose dáng vượt trội</i>. Bạn có thể tái tạo mọi tư thế chiến đấu, hành động uy lực hoặc biểu cảm đặc trưng của Optimus Prime từ phim. <i>Mỗi khớp đều được tối ưu hóa</i> để đạt được dải chuyển động rộng nhất mà vẫn duy trì sự ổn định.</p><p>&nbsp;</p><h2>II. Chi Tiết Hoàn Hảo &amp; Tính Năng Nâng Cao</h2><h3>1. <strong>Chi Tiết Sơn Mài Cao Cấp &amp; Hiệu Ứng Weathering</strong></h3><p>Bề mặt mô hình được áp dụng <strong>kỹ thuật sơn mài tinh xảo</strong>, tạo ra <i>độ bóng bẩy và chiều sâu</i> cho lớp giáp. Thêm vào đó, các chi tiết <strong>weathering (hao mòn chiến trận)</strong> được thực hiện một cách <i>chân thực và nghệ thuật</i>, như vết trầy xước, bụi bẩn, hay hiệu ứng cháy xém, mang đến một Optimus Prime <i>đầy kinh nghiệm trận mạc và sống động</i>.</p><h3>2. <strong>Ánh Sáng LED &amp; Phụ Kiện Biểu Tượng</strong></h3><p>Mô hình được trang bị <strong>hệ thống đèn LED chiếu sáng</strong> ở mắt, mang lại <i>vẻ sống động và uy lực</i> cho Optimus Prime khi trưng bày trong điều kiện ánh sáng yếu. Đi kèm với mô hình là các phụ kiện biểu tượng:</p><ul><li><strong>Blaster (súng phóng tia):</strong> Được chế tác chi tiết, có thể gắn vào tay.</li><li><strong>Energy Axe (rìu năng lượng):</strong> Tái tạo hiệu ứng năng lượng phát sáng, gắn vào cánh tay.</li><li><strong>Matrix of Leadership:</strong> <i>Biểu tượng quyền lực</i> của Optimus, có thể được đặt bên trong ngực (tùy phiên bản).</li><li><strong>Bàn tay thay thế:</strong> Nhiều cặp bàn tay với các tư thế khác nhau để đa dạng hóa khả năng pose.</li><li>&nbsp;</li></ul><h2>III. Giá Trị Sưu Tầm Đẳng Cấp &amp; Trải Nghiệm Độc Đáo</h2><h3><strong>Biểu Tượng Của Niềm Đam Mê Transformers</strong></h3><p>Sở hữu mô hình Threezero DLX Optimus Prime không chỉ là việc thêm một sản phẩm vào bộ sưu tập; đó là <strong>đầu tư vào một biểu tượng</strong>, một <i>kiệt tác kỹ thuật</i> tôn vinh tinh thần Transformers. Đây là sản phẩm dành cho những người hâm mộ muốn sở hữu phiên bản Optimus Prime <i>chân thực, chi tiết và có giá trị nhất</i>, một vật phẩm sẽ <strong>nổi bật</strong> trong bất kỳ không gian trưng bày nào và khơi gợi lại những ký ức về cuộc chiến giữa Autobots và Decepticons.</p>', 6580000.00, 'images/products/m-hnh-transformers/threezero-dlx-optimus-prime-biu-tng-ca-cng-l-quyn-lc/main_1749627155_6849311387c12.jpg', 28, false, '2025-06-11 07:32:35', NULL, 19),
(50, 'Grimlock - The Ancient Lord - Bạo Chúa Khủng Long, Chiến Thần Hùng Mạnh', '<p><i><strong>Triệu hồi sức mạnh nguyên thủy và khí chất đế vương của Grimlock, thủ lĩnh vĩ đại của Dinobots, với mô hình cao cấp "The Ancient Lord" này – một kiệt tác kỹ thuật và nghệ thuật, tái hiện chân thực chiến thần đã vượt qua kỷ nguyên tiền sử để chiến đấu cho công lý!</strong></i></p><p>Mô hình Grimlock "The Ancient Lord" không chỉ là một vật phẩm trưng bày; <i>nó là hiện thân của sức mạnh, sự uy nghi và tinh thần bất khuất</i>. Được thiết kế với sự tỉ mỉ vượt trội và chế tác từ <strong>vật liệu cao cấp</strong>, mô hình này nắm bắt trọn vẹn sự giao thoa độc đáo giữa <i>dạng khủng long T-Rex thời tiền sử</i> và <i>dạng robot chiến đấu hiện đại</i>, mang đến một trải nghiệm sưu tầm <strong>đẳng cấp và mãn nhãn</strong>. Từ những chiếc răng sắc nhọn đến từng khớp nối cơ khí phức tạp, mỗi chi tiết đều được chăm chút để mang đến một Grimlock <i>sống động và đầy quyền năng</i>, sẵn sàng gầm thét "Me Grimlock King!".</p><h2>I. Đặc Tính Nổi Bật &amp; Hoàn Thiện Hình Ảnh Xuất Sắc</h2><h3>1. <strong>Hai Dạng Biến Hình Ấn Tượng: Robot &amp; Khủng Long T-Rex</strong></h3><p>Mô hình này thể hiện khả năng biến hình (transformation) phức tạp và mượt mà giữa hai dạng:</p><ul><li><strong>Dạng Robot:</strong> <i>Uy nghi và hầm hố</i>, với bộ giáp dày dặn, các chi tiết cơ khí lộ rõ và tư thế đứng vững chắc.</li><li><strong>Dạng Khủng Long (T-Rex):</strong> <i>Chân thực và dữ tợn</i>, tái hiện hoàn hảo bạo chúa tiền sử với lớp vảy, hàm răng sắc nhọn và cái đuôi mạnh mẽ. Sự chuyển đổi giữa hai dạng được thiết kế <strong>tinh vi</strong>, mang lại <i>sự hài lòng tối đa</i> cho người sưu tầm.</li></ul><h3>2. <strong>Chất Liệu Cao Cấp &amp; Cấu Trúc Bền Bỉ (Die-Cast Heavy)</strong></h3><p>Phần lớn khung xương và các khớp nối trọng yếu của mô hình được làm từ <strong>kim loại đúc (die-cast)</strong>, mang lại <i>trọng lượng đáng kể</i>, cảm giác <strong>đầm tay và độ bền vượt trội</strong>. Sự kết hợp giữa die-cast và nhựa ABS/POM chất lượng cao không chỉ tăng cường tuổi thọ mà còn giúp mô hình duy trì các tư thế pose dáng <i>phức tạp và ổn định</i> mà không lo bị lỏng khớp theo thời gian.</p><h3>3. <strong>Chi Tiết Điêu Khắc &amp; Sơn Phủ Tinh Xảo</strong></h3><p><i>Mỗi chi tiết nhỏ nhất</i> trên Grimlock, từ những đường nét trên giáp, các chi tiết động cơ, đến <i>kết cấu bề mặt vảy khủng long</i>, đều được <strong>điêu khắc sắc nét</strong>. Lớp sơn được áp dụng bằng <strong>kỹ thuật cao cấp</strong>, sử dụng nhiều lớp màu và sắc độ để tạo <i>hiệu ứng kim loại sáng bóng, độ phai màu nhẹ</i> (weathering effect) hoặc <i>dấu vết chiến đấu</i>, mang lại vẻ ngoài chân thực và cuốn hút.</p><p>&nbsp;</p><h2>II. Khả Năng Vận Động &amp; Tính Năng Nâng Cao</h2><h3>1. <strong>Khớp Nối Linh Hoạt &amp; Khả Năng Pose Đa Dạng</strong></h3><p>Với <strong>hệ thống khớp nối được thiết kế thông minh và bền bỉ</strong>, Grimlock "The Ancient Lord" mang lại <i>khả năng pose dáng cực kỳ linh hoạt</i>. Bạn có thể dễ dàng tái tạo các tư thế chiến đấu kinh điển, hành động dữ dội hoặc những khoảnh khắc biểu cảm, biến mô hình thành một <strong>action figure sống động</strong> trên kệ trưng bày.</p><p>&nbsp;</p><h3>2. <strong>Phụ Kiện Vũ Khí Đầy Đủ &amp; Hiệu Ứng Ánh Sáng&nbsp;</strong></h3><p>Mô hình đi kèm với <strong>bộ phụ kiện vũ khí đặc trưng</strong> của Grimlock, bao gồm <i>thanh kiếm năng lượng (Energon Sword) biểu tượng</i>, súng blaster, và các chi tiết thay thế (ví dụ: khuôn mặt thay thế). Một số phiên bản có thể tích hợp <strong>đèn LED</strong> ở mắt (dạng Robot hoặc Khủng Long) hoặc vũ khí, tạo ra <i>hiệu ứng phát sáng ấn tượng</i>, làm tăng thêm sự sống động và hoành tráng khi trưng bày.</p><p>&nbsp;</p><h2>III. Giá Trị Sưu Tầm &amp; Trưng Bày Đẳng Cấp</h2><h3><strong>Biểu Tượng Của Lòng Trung Thành &amp; Quyền Lực</strong></h3><p>Sở hữu mô hình Grimlock "The Ancient Lord" là việc <strong>sở hữu một phần lịch sử</strong> của vũ trụ Transformer và <i>tôn vinh một trong những nhân vật được yêu thích nhất</i>. Đây là sự khẳng định cho niềm đam mê của bạn, một <i>biểu tượng của sức mạnh nguyên thủy, lòng trung thành với Autobots</i> (theo cách riêng của Dinobots) và <strong>khí chất bất khuất</strong> của một chiến thần.</p>', 1390000.00, 'images/products/m-hnh-transformers/grimlock-the-ancient-lord-bo-cha-khng-long-chin-thn-hng-mnh/main_1749627346_684931d283071.jpg', 28, false, '2025-06-11 07:35:46', NULL, 19),
(51, 'Bàn phím gaming không dây Logitech G915 X Lightspeed TKL Low Profile', '<h2><strong>Bàn phím gaming không dây Logitech G915 X Lightspeed TKL Low Profile - Keycap hiện đại, tốc độ phản hồi nhanh</strong></h2><p>Bàn phím gaming không dây Logitech G915 X Lightspeed TKL Low Profile là một trong những mẫu bàn phím hiện đại đang rất được ưa chuộng trong cộng đồng game thủ hiện nay. Với thiết kế không phím số (TKL) cùng độ mỏng chỉ 22,6 mm, mẫu bàn phím Logitech này hứa hẹn mang lại tính linh hoạt và dễ dàng di chuyển mà vẫn đảm bảo trải nghiệm chơi game tuyệt vời.&nbsp;</p><h3><strong>Tạo hình mỏng nhẹ, bắt mắt với hệ thống LED rực rỡ</strong></h3><p>G915 X Lightspeed TKL sở hữu một thiết kế tinh tế, hiện đại, mang lại cảm giác thoải mái nhưng không kém phần chắc chắn. Với chiều cao chỉ 23 mm, Logitech G915 X Lightspeed TKL Low Profile là một trong những mẫu bàn phím mỏng hàng đầu phân khúc, giúp người dùng có thể dễ dàng di chuyển hoặc sắp xếp trên bàn làm việc. Đồng thời, bạn cũng có thể cá nhân hóa trải nghiệm chơi game trên mẫu bàn phím Logitech này theo phong cách riêng với hệ thống đèn nền Lightsync RGB rực rỡ 16,8 triệu màu cùng hiệu ứng ánh sáng tuyệt đẹp.</p><figure class="image"><img src="https://cdn2.cellphones.com.vn/insecure/rs:fill:0:0/q:90/plain/https://cellphones.com.vn/media/wysiwyg/phu-kien/Ban-phim/Logitech/ban-phim-gaming-khong-day-logitech-g915-x-lightspeed-tkl-low-profile-1.jpg" alt="Thiết kế bàn phím gaming không dây Logitech G915 X Lightspeed TKL Low Profile"></figure><h3><strong>Switch cơ học GL kiểu dáng thấp cùng keycap PBT đúc kép hiện đại</strong></h3><p>Bàn phím Logitech G915 X Lightspeed TKL được trang bị các switch cơ học GL với ba tùy chọn: Clicky, Tactile, và Linear, đáp ứng mọi nhu cầu về cảm giác gõ phím của người dùng. Điểm hành trình của phím trên G915 X Lightspeed TKL chỉ 1,3 mm giúp tăng tốc độ phản hồi, tối ưu hóa trải nghiệm chơi game của game thủ. Bên cạnh đó, bàn phím cũng sở hữu keycap PBT đúc kép, không chỉ bền bỉ theo thời gian mà còn mang lại cảm giác gõ chắc chắn, hạn chế hao mòn sau nhiều giờ sử dụng liên tục.</p><figure class="image"><img src="https://cdn2.cellphones.com.vn/insecure/rs:fill:0:0/q:90/plain/https://cellphones.com.vn/media/wysiwyg/phu-kien/Ban-phim/Logitech/ban-phim-gaming-khong-day-logitech-g915-x-lightspeed-tkl-low-profile-1.jpg" alt="Thiết kế bàn phím gaming không dây Logitech G915 X Lightspeed TKL Low Profile"></figure><h2><strong>Mua bàn phím gaming không dây Logitech G915 X Lightspeed TKL Low Profile tại Nexorevn E-commerce</strong></h2><p>Nếu bạn đang phân vân không biết chọn mua bàn phím Gaming không dây Logitech G915 X Lightspeed TKL Low Profile ở đâu uy tín, giá tốt thì Nexorevn E-commerce chính là điểm đến nên ghé qua. Với nhiều năm kinh nghiệm trong lĩnh vực công nghệ, chúng tôi cam kết cung cấp sản phẩm chính hãng, chất lượng cao cùng chế độ bảo hành uy tín.&nbsp;</p>', 5200000.00, 'images/products/bn-phm-logitech/bn-phm-gaming-khng-dy-logitech-g915-x-lightspeed-tkl-low-profile/main_1749627680_68493320669da.png', 29, true, '2025-06-11 07:41:20', 4490000.00, 22),
(52, 'Bàn phím không dây Logitech MX Keys S Fullsize Graphite', '<h2><strong>Bàn phím không dây Fullsize Logitech MX Keys S - Fullsize thoải mái, phím gõ bền bỉ</strong></h2><p>Bàn phím không dây Fullsize Logitech MX Keys S sở hữu thiết kế Fullsize với đầy đủ các phím chức năng và phím số đảm bảo hiệu suất bền bỉ. Hơn nữa, phụ kiện&nbsp;bàn phím này còn được làm theo kiểu dáng công thái học với mức giá rẻ, hứa hẹn sẽ là một sản phẩm đáng đầu tư.</p><h3><strong>Thiết kế Fullsize, vỏ bằng hợp kim nhôm chất lượng</strong></h3><p>Bàn phím không dây Fullsize Logitech MX Keys S được thiết kế dựa trên bố cục Fullsize, đầy đủ các phím. Trong đó, sản phẩm còn có các công tắc cơ học xúc giác, mang lại hiệu quả phản hồi nhanh chóng khi chơi game FPS.</p><p>Lớp vỏ bên ngoài của Logitech MX Keys S được làm bằng hợp kim nhôm, góp phần tạo được độ bền vượt trội. Đặc biệt, bàn phím có chất liệu bền vững và có thể tái chế sau khi sử dụng, đem lại khả năng chống mài mòn và nâng cao tuổi thọ sử dụng bàn phím.&nbsp;</p><h3><strong>Trải nghiệm gõ êm ái với đèn LED chiếu sáng thông minh</strong></h3><p>Bàn phím không dây Fullsize Logitech MX Keys S có hành trình phím được làm ở cấu hình thấp, góp phần giúp cổ tay của bạn luôn được thoải mái, tự nhiên hơn. Từ đó, người dùng có thể gõ phím trong nhiều giờ liền và còn giúp giảm tiếng ồn tối ưu.</p><p>Để bạn dễ dàng tập trung mỗi khi sử dụng trong điều kiện thiếu sáng, bàn phím cũng có tích hợp hệ thống đèn nền LED. Tuy nhiên, hiệu ứng chiếu sáng đã được Logitech làm thông minh hơn. Cụ thể, khi tay bạn tiếp cận bàn phím đèn phím đó sẽ sáng lên và tự động mờ đi khi rời khỏi bàn làm việc.</p><h2><strong>Mua ngay bàn phím không dây Fullsize Logitech MX Keys S giá tốt tại Nexorevn E-commerce</strong></h2><p>Bàn phím không dây Fullsize Logitech MX Keys S hiện đang được bán tại Nexorevn E-commerce. Tại đây sản phẩm luôn được cam kết về độ chính hãng và giao hàng tận nơi.</p>', 3400000.00, 'images/products/bn-phm-logitech/bn-phm-khng-dy-logitech-mx-keys-s-fullsize-graphite/main_1749627938_68493422dd8bf.png', 29, false, '2025-06-11 07:45:38', 2590000.00, 22),
(53, 'Màn hình Gaming ASUS TUF VG249Q3A 24 inch', '<h2><strong>Màn hình Gaming ASUS TUF 24 VG249Q3A 24 inch - Công nghệ hiện đại, chơi game mượt mà</strong></h2><p>Màn hình Gaming ASUS TUF 24 VG249Q3A 24 inch sở hữu kích thước lớn trên tấm nền Fast IPS mới với tần số quét lên đến 180Hz. Hơn hết màn hình Asus này còn có gam màu cực chuẩn 99% sRGB, nên không chỉ ưu việt cho chơi game mà còn xử lý công việc đồ họa mượt mà.</p><h3><strong>Tốc độ làm mới 180Hz, trải nghiệm chơi game chuyên nghiệp</strong></h3><p>Màn hình Gaming ASUS TUF 24 VG249Q3A 24 inch là màn hình chơi game với tốc độ làm mới lên đến 180Hz. Kết hợp với đó là thời gian phản hồi 1ms nên mọi chuyển động nhanh chóng ngay ở các tựa game bắn súng đều diễn ra vô cùng mượt và liền mạch.</p><p>Bên cạnh đó, ASUS TUF 24 VG249Q3A 24 inch còn có sự góp mặt của tính năng đồng bộ độ mờ chuyển động cực thấp. Do đó, các hiện tượng mờ nhòe được loại bỏ hoàn toàn để làm rõ nét hơn các đối tượng và cho bạn trải nghiệm chơi game chuyên nghiệp, nhạy bén hơn.</p><h3><strong>Sử dụng công nghệ độc quyền và phần mềm DisplayWidget Center</strong></h3><p>Màn hình Gaming ASUS TUF 24 VG249Q3A 24 inch được tích hợp công nghệ ASUS Variable Overdrive độc quyền. Từ đó, ở các khung hình tốc độ cao, màn hình sẽ tự tăng tốc đảm bảo cho hiệu ứng tổng thể tối ưu hơn ở mọi trò chơi.&nbsp;</p><p>Ngoài ra, phần mềm DisplayWidget Center cũng được ASUS sử dụng nhằm cung cấp đến người dùng một giao diện trực quan. Vì thế, trong quá trình sử dụng, bạn có linh hoạt điều chỉnh các thông số thông qua chuột mà không cần vào menu OSD.</p><h2><strong>Mua ngay màn hình Gaming ASUS TUF 24 VG249Q3A 24 inch giá tốt với Nexorevn E-commerce</strong></h2><p>Với các tính năng và công nghệ dành riêng cho việc chơi game của màn hình Gaming ASUS TUF 24 VG249Q3A 24 inch chắc hẳn sẽ khiến các game thủ hài lòng. Do đó, bạn hãy đến với Nexorevn E-commerce để mua nhanh màn hình này với giá tốt nhé!</p>', 3990000.00, 'images/products/mn-hnh-asus/mn-hnh-gaming-asus-tuf-vg249q3a-24-inch/main_1749628248_6849355888d94.png', 31, true, '2025-06-11 07:50:48', 2990000.00, 21);



CREATE TABLE "product_images" (
  "id" int NOT NULL,
  "product_id" int DEFAULT NULL,
  "image_path" varchar(255)  DEFAULT NULL
);


INSERT INTO "product_images" ("id", "product_id", "image_path") VALUES (68, 21, 'images/products/m-hnh-dragonball/m-hnh-dragonball-super-son-goku-super-saiyan-blue-sc-mnh-thn-thnh-kh-cht-v-song/sub_1749545939_6847f3d3ad5de.jpg'),
(69, 21, 'images/products/m-hnh-dragonball/m-hnh-dragonball-super-son-goku-super-saiyan-blue-sc-mnh-thn-thnh-kh-cht-v-song/sub_1749545939_6847f3d3ade75.jpg'),
(70, 21, 'images/products/m-hnh-dragonball/m-hnh-dragonball-super-son-goku-super-saiyan-blue-sc-mnh-thn-thnh-kh-cht-v-song/sub_1749545939_6847f3d3ae415.jpg'),
(71, 21, 'images/products/m-hnh-dragonball/m-hnh-dragonball-super-son-goku-super-saiyan-blue-sc-mnh-thn-thnh-kh-cht-v-song/sub_1749545939_6847f3d3ae932.jpg'),
(74, 23, 'images/products/m-hnh-dragonball/m-hnh-dragonball-zsuper-son-goku-sc-mnh-c-bp-nh-cao-sau-trn-chin/sub_1749548358_6847fd461c6a8.jpg'),
(75, 23, 'images/products/m-hnh-dragonball/m-hnh-dragonball-zsuper-son-goku-sc-mnh-c-bp-nh-cao-sau-trn-chin/sub_1749548358_6847fd461cf05.jpg'),
(76, 23, 'images/products/m-hnh-dragonball/m-hnh-dragonball-zsuper-son-goku-sc-mnh-c-bp-nh-cao-sau-trn-chin/sub_1749548358_6847fd461d4ab.jpg'),
(77, 24, 'images/products/m-hnh-dragonball/m-hnh-dragon-ball-zsuper-son-gohan-thin-ti-tim-nng-ngi-bo-v-cng-l/sub_1749548556_6847fe0c3bb9e.jpg'),
(78, 24, 'images/products/m-hnh-dragonball/m-hnh-dragon-ball-zsuper-son-gohan-thin-ti-tim-nng-ngi-bo-v-cng-l/sub_1749548556_6847fe0c3c2e0.jpg'),
(79, 25, 'images/products/m-hnh-dragonball/m-hnh-dragonball-zsuper-piccolo-ngi-chin-binh-uy-nghi-v-ngi-thy-tn-tm/sub_1749548779_6847feebeda18.jpg'),
(80, 25, 'images/products/m-hnh-dragonball/m-hnh-dragonball-zsuper-piccolo-ngi-chin-binh-uy-nghi-v-ngi-thy-tn-tm/sub_1749548779_6847feebee08a.jpg'),
(81, 25, 'images/products/m-hnh-dragonball/m-hnh-dragonball-zsuper-piccolo-ngi-chin-binh-uy-nghi-v-ngi-thy-tn-tm/sub_1749548779_6847feebee4b3.jpg'),
(82, 26, 'images/products/m-hnh-naruto/m-hnh-naruto-shippuden-itachi-uchiha-thin-ti-bng-ti-gnh-nng-gia-tc/sub_1749576887_68486cb769026.jpg'),
(83, 26, 'images/products/m-hnh-naruto/m-hnh-naruto-shippuden-itachi-uchiha-thin-ti-bng-ti-gnh-nng-gia-tc/sub_1749576887_68486cb769cde.jpg'),
(84, 27, 'images/products/m-hnh-naruto/m-hnh-naruto-shippuden-sasuke-uchiha-biu-tng-ca-thin-c-k-s-ca-lng-l/sub_1749578537_68487329918c8.jpg'),
(85, 27, 'images/products/m-hnh-naruto/m-hnh-naruto-shippuden-sasuke-uchiha-biu-tng-ca-thin-c-k-s-ca-lng-l/sub_1749578537_684873299213a.jpg'),
(86, 28, 'images/products/bn-phm-aula/bn-phm-c-aula-s2022-blue-switch/sub_1749578901_684874952e69d.jpg'),
(87, 28, 'images/products/bn-phm-aula/bn-phm-c-aula-s2022-blue-switch/sub_1749578901_684874952eda7.jpg'),
(88, 28, 'images/products/bn-phm-aula/bn-phm-c-aula-s2022-blue-switch/sub_1749578901_684874952f274.jpg'),
(89, 28, 'images/products/bn-phm-aula/bn-phm-c-aula-s2022-blue-switch/sub_1749578901_684874953021a.jpg'),
(90, 29, 'images/products/bn-phm-aula/bn-phm-c-khng-dy-aula-f75-en/sub_1749579201_684875c1476bc.jpg'),
(91, 29, 'images/products/bn-phm-aula/bn-phm-c-khng-dy-aula-f75-en/sub_1749579201_684875c147e41.jpg'),
(92, 29, 'images/products/bn-phm-aula/bn-phm-c-khng-dy-aula-f75-en/sub_1749579201_684875c148949.jpg'),
(93, 30, 'images/products/bn-phm-aula/bn-phm-khng-dy-aula-f75-max-glacier-blue/sub_1749579621_68487765bd9fa.jpg'),
(94, 30, 'images/products/bn-phm-aula/bn-phm-khng-dy-aula-f75-max-glacier-blue/sub_1749579621_68487765be504.jpg'),
(95, 30, 'images/products/bn-phm-aula/bn-phm-khng-dy-aula-f75-max-glacier-blue/sub_1749579621_68487765bed7c.jpg'),
(97, 31, 'images/products/bn-phm-aula/bn-phm-c-khng-dy-aula-f75-en-hng-gradient/sub_1749580360_68487a482132f.png'),
(98, 31, 'images/products/bn-phm-aula/bn-phm-c-khng-dy-aula-f75-en-hng-gradient/sub_1749580360_68487a4821a4e.png'),
(99, 31, 'images/products/bn-phm-aula/bn-phm-c-khng-dy-aula-f75-en-hng-gradient/sub_1749580360_68487a48220fc.png'),
(100, 31, 'images/products/bn-phm-aula/bn-phm-c-khng-dy-aula-f75-en-hng-gradient/sub_1749580360_68487a4822632.png'),
(101, 32, 'images/products/bn-phm-aula/bn-phm-c-khng-dy-aula-f68-pro-ice-crystal-switch/sub_1749580978_68487cb22e4a0.png'),
(102, 32, 'images/products/bn-phm-aula/bn-phm-c-khng-dy-aula-f68-pro-ice-crystal-switch/sub_1749580978_68487cb22eb9d.png'),
(103, 32, 'images/products/bn-phm-aula/bn-phm-c-khng-dy-aula-f68-pro-ice-crystal-switch/sub_1749580978_68487cb22f232.png'),
(104, 32, 'images/products/bn-phm-aula/bn-phm-c-khng-dy-aula-f68-pro-ice-crystal-switch/sub_1749580978_68487cb22f834.png'),
(105, 33, 'images/products/bn-phm-asus/bn-phm-c-asus-rog-azoth-en/sub_1749581384_68487e4849403.png'),
(106, 33, 'images/products/bn-phm-asus/bn-phm-c-asus-rog-azoth-en/sub_1749581384_68487e4849872.png'),
(107, 33, 'images/products/bn-phm-asus/bn-phm-c-asus-rog-azoth-en/sub_1749581384_68487e4849c53.png'),
(108, 33, 'images/products/bn-phm-asus/bn-phm-c-asus-rog-azoth-en/sub_1749581384_68487e4849ffa.png'),
(109, 33, 'images/products/bn-phm-asus/bn-phm-c-asus-rog-azoth-en/sub_1749581384_68487e484a43f.png'),
(110, 34, 'images/products/m-hnh-azur-lane/m-hnh-azur-lane-uss-enterprise-cv-6-grey-ghost-sc-mnh-bt-dit-ca-hm-i/sub_1749581739_68487fab7892a.jpg'),
(111, 34, 'images/products/m-hnh-azur-lane/m-hnh-azur-lane-uss-enterprise-cv-6-grey-ghost-sc-mnh-bt-dit-ca-hm-i/sub_1749581739_68487fab790da.jpg'),
(112, 34, 'images/products/m-hnh-azur-lane/m-hnh-azur-lane-uss-enterprise-cv-6-grey-ghost-sc-mnh-bt-dit-ca-hm-i/sub_1749581739_68487fab79641.jpg'),
(113, 34, 'images/products/m-hnh-azur-lane/m-hnh-azur-lane-uss-enterprise-cv-6-grey-ghost-sc-mnh-bt-dit-ca-hm-i/sub_1749581739_68487fab79a80.jpg'),
(114, 34, 'images/products/m-hnh-azur-lane/m-hnh-azur-lane-uss-enterprise-cv-6-grey-ghost-sc-mnh-bt-dit-ca-hm-i/sub_1749581739_68487fab79e21.jpg'),
(115, 34, 'images/products/m-hnh-azur-lane/m-hnh-azur-lane-uss-enterprise-cv-6-grey-ghost-sc-mnh-bt-dit-ca-hm-i/sub_1749581739_68487fab7a207.jpg'),
(116, 34, 'images/products/m-hnh-azur-lane/m-hnh-azur-lane-uss-enterprise-cv-6-grey-ghost-sc-mnh-bt-dit-ca-hm-i/sub_1749581739_68487fab7a611.jpg'),
(117, 35, 'images/products/m-hnh-chainsaw-man/hayakawa-aki-th-sn-qu-b-n-v-quyt-tm/sub_1749582129_684881310c895.jpg'),
(118, 35, 'images/products/m-hnh-chainsaw-man/hayakawa-aki-th-sn-qu-b-n-v-quyt-tm/sub_1749582129_684881310cec4.jpg'),
(119, 35, 'images/products/m-hnh-chainsaw-man/hayakawa-aki-th-sn-qu-b-n-v-quyt-tm/sub_1749582129_684881310d456.jpg'),
(120, 35, 'images/products/m-hnh-chainsaw-man/hayakawa-aki-th-sn-qu-b-n-v-quyt-tm/sub_1749582129_684881310d84a.jpg'),
(121, 36, 'images/products/m-hnh-yu-gi-oh/blue-eyes-white-dragon-biu-tng-sc-mnh-vnh-cu/sub_1749622659_68491f83a9e14.jpg'),
(122, 36, 'images/products/m-hnh-yu-gi-oh/blue-eyes-white-dragon-biu-tng-sc-mnh-vnh-cu/sub_1749622659_68491f83aa6c9.jpg'),
(123, 36, 'images/products/m-hnh-yu-gi-oh/blue-eyes-white-dragon-biu-tng-sc-mnh-vnh-cu/sub_1749622659_68491f83aaa50.jpg'),
(124, 36, 'images/products/m-hnh-yu-gi-oh/blue-eyes-white-dragon-biu-tng-sc-mnh-vnh-cu/sub_1749622659_68491f83aad98.jpg'),
(125, 36, 'images/products/m-hnh-yu-gi-oh/blue-eyes-white-dragon-biu-tng-sc-mnh-vnh-cu/sub_1749622659_68491f83ab25e.jpg'),
(126, 37, 'images/products/m-hnh-chainsaw-man/makima-sc-ht-quyn-nng-b-n-tuyt-i/sub_1749622926_6849208eecc47.jpg'),
(127, 37, 'images/products/m-hnh-chainsaw-man/makima-sc-ht-quyn-nng-b-n-tuyt-i/sub_1749622926_6849208eed21b.jpg'),
(128, 37, 'images/products/m-hnh-chainsaw-man/makima-sc-ht-quyn-nng-b-n-tuyt-i/sub_1749622926_6849208eed5a2.jpg'),
(129, 37, 'images/products/m-hnh-chainsaw-man/makima-sc-ht-quyn-nng-b-n-tuyt-i/sub_1749622926_6849208eedac2.jpg'),
(130, 37, 'images/products/m-hnh-chainsaw-man/makima-sc-ht-quyn-nng-b-n-tuyt-i/sub_1749622926_6849208eedfb5.jpg'),
(131, 37, 'images/products/m-hnh-chainsaw-man/makima-sc-ht-quyn-nng-b-n-tuyt-i/sub_1749622926_6849208eee31f.jpg'),
(132, 38, 'images/products/m-hnh-attack-on-titan/eren-yeager-chin-binh-ca-lng-cm-th-t-do/sub_1749623139_6849216317e92.jpg'),
(133, 38, 'images/products/m-hnh-attack-on-titan/eren-yeager-chin-binh-ca-lng-cm-th-t-do/sub_1749623139_6849216318625.jpg'),
(134, 38, 'images/products/m-hnh-attack-on-titan/eren-yeager-chin-binh-ca-lng-cm-th-t-do/sub_1749623139_6849216318b32.jpg'),
(135, 38, 'images/products/m-hnh-attack-on-titan/eren-yeager-chin-binh-ca-lng-cm-th-t-do/sub_1749623139_6849216318f13.jpg'),
(136, 38, 'images/products/m-hnh-attack-on-titan/eren-yeager-chin-binh-ca-lng-cm-th-t-do/sub_1749623139_684921631928b.jpg'),
(137, 38, 'images/products/m-hnh-attack-on-titan/eren-yeager-chin-binh-ca-lng-cm-th-t-do/sub_1749623139_68492163195c6.jpg'),
(138, 38, 'images/products/m-hnh-attack-on-titan/eren-yeager-chin-binh-ca-lng-cm-th-t-do/sub_1749623139_68492163198dd.jpg'),
(139, 38, 'images/products/m-hnh-attack-on-titan/eren-yeager-chin-binh-ca-lng-cm-th-t-do/sub_1749623139_6849216319b9d.jpg'),
(140, 39, 'images/products/m-hnh-attack-on-titan/levi-ackerman-ngi-lnh-mnh-nht-biu-tng-ca-nhn-loi/sub_1749623271_684921e7346d9.jpg'),
(141, 39, 'images/products/m-hnh-attack-on-titan/levi-ackerman-ngi-lnh-mnh-nht-biu-tng-ca-nhn-loi/sub_1749623271_684921e734c22.jpg'),
(142, 39, 'images/products/m-hnh-attack-on-titan/levi-ackerman-ngi-lnh-mnh-nht-biu-tng-ca-nhn-loi/sub_1749623271_684921e735020.jpg'),
(143, 40, 'images/products/m-hnh-studio-ghibli/castle-in-the-sky-laputa-lu-i-bay-huyn-thoi-di-sn-ca-studio-ghibli/sub_1749623485_684922bdb9b13.jpg'),
(144, 40, 'images/products/m-hnh-studio-ghibli/castle-in-the-sky-laputa-lu-i-bay-huyn-thoi-di-sn-ca-studio-ghibli/sub_1749623485_684922bdba2ee.jpg'),
(145, 40, 'images/products/m-hnh-studio-ghibli/castle-in-the-sky-laputa-lu-i-bay-huyn-thoi-di-sn-ca-studio-ghibli/sub_1749623485_684922bdba6fa.jpg'),
(146, 40, 'images/products/m-hnh-studio-ghibli/castle-in-the-sky-laputa-lu-i-bay-huyn-thoi-di-sn-ca-studio-ghibli/sub_1749623485_684922bdbac51.jpg'),
(147, 40, 'images/products/m-hnh-studio-ghibli/castle-in-the-sky-laputa-lu-i-bay-huyn-thoi-di-sn-ca-studio-ghibli/sub_1749623485_684922bdbb38d.jpg'),
(148, 40, 'images/products/m-hnh-studio-ghibli/castle-in-the-sky-laputa-lu-i-bay-huyn-thoi-di-sn-ca-studio-ghibli/sub_1749623485_684922bdbb792.jpg'),
(149, 40, 'images/products/m-hnh-studio-ghibli/castle-in-the-sky-laputa-lu-i-bay-huyn-thoi-di-sn-ca-studio-ghibli/sub_1749623485_684922bdbbc20.jpg'),
(150, 40, 'images/products/m-hnh-studio-ghibli/castle-in-the-sky-laputa-lu-i-bay-huyn-thoi-di-sn-ca-studio-ghibli/sub_1749623485_684922bdbbf63.jpg'),
(151, 41, 'images/products/m-hnh-dragonball/super-saiyan-god-vegeta-hong-t-saiyan-ng-cu-th/sub_1749623661_6849236dcc7ff.jpg'),
(152, 41, 'images/products/m-hnh-dragonball/super-saiyan-god-vegeta-hong-t-saiyan-ng-cu-th/sub_1749623661_6849236dcce21.jpg'),
(153, 41, 'images/products/m-hnh-dragonball/super-saiyan-god-vegeta-hong-t-saiyan-ng-cu-th/sub_1749623661_6849236dcd289.jpg'),
(154, 41, 'images/products/m-hnh-dragonball/super-saiyan-god-vegeta-hong-t-saiyan-ng-cu-th/sub_1749623661_6849236dcd880.jpg'),
(155, 42, 'images/products/action-figure/m-hnh-metal-build-l-b-motor-nuclear-mnq-05x-lu-bu-chin-thn-tam-quc-tuyt-tc-c-kh-nh-cao/sub_1749624837_68492805a5499.jpg'),
(156, 42, 'images/products/action-figure/m-hnh-metal-build-l-b-motor-nuclear-mnq-05x-lu-bu-chin-thn-tam-quc-tuyt-tc-c-kh-nh-cao/sub_1749624837_68492805a5a6f.jpg'),
(157, 42, 'images/products/action-figure/m-hnh-metal-build-l-b-motor-nuclear-mnq-05x-lu-bu-chin-thn-tam-quc-tuyt-tc-c-kh-nh-cao/sub_1749624837_68492805a5efc.jpg'),
(158, 42, 'images/products/action-figure/m-hnh-metal-build-l-b-motor-nuclear-mnq-05x-lu-bu-chin-thn-tam-quc-tuyt-tc-c-kh-nh-cao/sub_1749624837_68492805a6441.jpg'),
(159, 42, 'images/products/action-figure/m-hnh-metal-build-l-b-motor-nuclear-mnq-05x-lu-bu-chin-thn-tam-quc-tuyt-tc-c-kh-nh-cao/sub_1749624837_68492805a6910.jpg'),
(160, 42, 'images/products/action-figure/m-hnh-metal-build-l-b-motor-nuclear-mnq-05x-lu-bu-chin-thn-tam-quc-tuyt-tc-c-kh-nh-cao/sub_1749624837_68492805a6d1d.jpg'),
(161, 43, 'images/products/m-hnh-one-piece/roronoa-zoro-kim-s-tam-kim-huyn-thoi-biu-tng-sc-mnh-v-quyt-tm/sub_1749625248_684929a0a3558.jpg'),
(162, 43, 'images/products/m-hnh-one-piece/roronoa-zoro-kim-s-tam-kim-huyn-thoi-biu-tng-sc-mnh-v-quyt-tm/sub_1749625248_684929a0a3aef.jpg'),
(163, 43, 'images/products/m-hnh-one-piece/roronoa-zoro-kim-s-tam-kim-huyn-thoi-biu-tng-sc-mnh-v-quyt-tm/sub_1749625248_684929a0a4039.jpg'),
(164, 44, 'images/products/m-hnh-one-piece/monkey-d-luffy-gear-5-joy-boy-gii-phng-tinh-thn-t-do/sub_1749625718_68492b765875d.jpg'),
(165, 44, 'images/products/m-hnh-one-piece/monkey-d-luffy-gear-5-joy-boy-gii-phng-tinh-thn-t-do/sub_1749625718_68492b7659319.jpg'),
(166, 44, 'images/products/m-hnh-one-piece/monkey-d-luffy-gear-5-joy-boy-gii-phng-tinh-thn-t-do/sub_1749625718_68492b7659953.jpg'),
(167, 44, 'images/products/m-hnh-one-piece/monkey-d-luffy-gear-5-joy-boy-gii-phng-tinh-thn-t-do/sub_1749625718_68492b7659edd.jpg'),
(168, 44, 'images/products/m-hnh-one-piece/monkey-d-luffy-gear-5-joy-boy-gii-phng-tinh-thn-t-do/sub_1749625718_68492b765a492.jpg'),
(169, 45, 'images/products/m-hnh-one-piece/portgas-d-ace-ha-quyn-bt-dit/sub_1749625942_68492c562646e.jpg'),
(170, 45, 'images/products/m-hnh-one-piece/portgas-d-ace-ha-quyn-bt-dit/sub_1749625942_68492c56268a8.jpg'),
(171, 45, 'images/products/m-hnh-one-piece/portgas-d-ace-ha-quyn-bt-dit/sub_1749625942_68492c5626c67.jpg'),
(172, 45, 'images/products/m-hnh-one-piece/portgas-d-ace-ha-quyn-bt-dit/sub_1749625942_68492c5626fb4.jpg'),
(173, 45, 'images/products/m-hnh-one-piece/portgas-d-ace-ha-quyn-bt-dit/sub_1749625942_68492c56272ee.jpg'),
(174, 46, 'images/products/m-hnh-one-piece/sir-crocodile-b-vng-sa-mc-v-tn/sub_1749626207_68492d5feedf1.jpg'),
(175, 46, 'images/products/m-hnh-one-piece/sir-crocodile-b-vng-sa-mc-v-tn/sub_1749626207_68492d5fef2c5.jpg'),
(176, 46, 'images/products/m-hnh-one-piece/sir-crocodile-b-vng-sa-mc-v-tn/sub_1749626207_68492d5fef67d.jpg'),
(177, 46, 'images/products/m-hnh-one-piece/sir-crocodile-b-vng-sa-mc-v-tn/sub_1749626207_68492d5feff80.jpg'),
(178, 46, 'images/products/m-hnh-one-piece/sir-crocodile-b-vng-sa-mc-v-tn/sub_1749626207_68492d5ff0526.jpg'),
(179, 47, 'images/products/m-hnh-one-piece/ru-en-blackbeard-s-kt-hp-t-ph-gia-sc-mnh-hi-tc-v-tc-siu-xe/sub_1749626434_68492e4260fb0.jpg'),
(180, 47, 'images/products/m-hnh-one-piece/ru-en-blackbeard-s-kt-hp-t-ph-gia-sc-mnh-hi-tc-v-tc-siu-xe/sub_1749626434_68492e42614f1.jpg'),
(181, 47, 'images/products/m-hnh-one-piece/ru-en-blackbeard-s-kt-hp-t-ph-gia-sc-mnh-hi-tc-v-tc-siu-xe/sub_1749626434_68492e4261aa0.jpg'),
(182, 47, 'images/products/m-hnh-one-piece/ru-en-blackbeard-s-kt-hp-t-ph-gia-sc-mnh-hi-tc-v-tc-siu-xe/sub_1749626434_68492e4261ec4.jpg'),
(183, 48, 'images/products/m-hnh-one-piece/boa-hancock-n-hong-hi-tc-v-p-cht-ngi/sub_1749626737_68492f718f9bb.jpg'),
(184, 48, 'images/products/m-hnh-one-piece/boa-hancock-n-hong-hi-tc-v-p-cht-ngi/sub_1749626737_68492f7190011.jpg'),
(185, 48, 'images/products/m-hnh-one-piece/boa-hancock-n-hong-hi-tc-v-p-cht-ngi/sub_1749626737_68492f71906b5.jpg'),
(186, 48, 'images/products/m-hnh-one-piece/boa-hancock-n-hong-hi-tc-v-p-cht-ngi/sub_1749626737_68492f7190b4f.jpg'),
(187, 49, 'images/products/m-hnh-transformers/threezero-dlx-optimus-prime-biu-tng-ca-cng-l-quyn-lc/sub_1749627155_68493113884d8.jpg'),
(188, 49, 'images/products/m-hnh-transformers/threezero-dlx-optimus-prime-biu-tng-ca-cng-l-quyn-lc/sub_1749627155_6849311388bbb.jpg'),
(189, 49, 'images/products/m-hnh-transformers/threezero-dlx-optimus-prime-biu-tng-ca-cng-l-quyn-lc/sub_1749627155_68493113890df.jpg'),
(190, 49, 'images/products/m-hnh-transformers/threezero-dlx-optimus-prime-biu-tng-ca-cng-l-quyn-lc/sub_1749627155_684931138947f.jpg'),
(191, 49, 'images/products/m-hnh-transformers/threezero-dlx-optimus-prime-biu-tng-ca-cng-l-quyn-lc/sub_1749627155_684931138986b.jpg'),
(192, 50, 'images/products/m-hnh-transformers/grimlock-the-ancient-lord-bo-cha-khng-long-chin-thn-hng-mnh/sub_1749627346_684931d28378f.jpg'),
(193, 50, 'images/products/m-hnh-transformers/grimlock-the-ancient-lord-bo-cha-khng-long-chin-thn-hng-mnh/sub_1749627346_684931d283c92.jpg'),
(194, 50, 'images/products/m-hnh-transformers/grimlock-the-ancient-lord-bo-cha-khng-long-chin-thn-hng-mnh/sub_1749627346_684931d284018.jpg'),
(195, 50, 'images/products/m-hnh-transformers/grimlock-the-ancient-lord-bo-cha-khng-long-chin-thn-hng-mnh/sub_1749627346_684931d28432d.jpg'),
(196, 51, 'images/products/bn-phm-logitech/bn-phm-gaming-khng-dy-logitech-g915-x-lightspeed-tkl-low-profile/sub_1749627680_6849332067407.png'),
(197, 51, 'images/products/bn-phm-logitech/bn-phm-gaming-khng-dy-logitech-g915-x-lightspeed-tkl-low-profile/sub_1749627680_6849332067b23.png'),
(198, 51, 'images/products/bn-phm-logitech/bn-phm-gaming-khng-dy-logitech-g915-x-lightspeed-tkl-low-profile/sub_1749627680_68493320681b7.png'),
(199, 52, 'images/products/bn-phm-logitech/bn-phm-khng-dy-logitech-mx-keys-s-fullsize-graphite/sub_1749627938_68493422de53a.png'),
(200, 52, 'images/products/bn-phm-logitech/bn-phm-khng-dy-logitech-mx-keys-s-fullsize-graphite/sub_1749627938_68493422deb5f.png'),
(201, 52, 'images/products/bn-phm-logitech/bn-phm-khng-dy-logitech-mx-keys-s-fullsize-graphite/sub_1749627938_68493422df1d7.png'),
(202, 52, 'images/products/bn-phm-logitech/bn-phm-khng-dy-logitech-mx-keys-s-fullsize-graphite/sub_1749627938_68493422df728.png'),
(203, 53, 'images/products/mn-hnh-asus/mn-hnh-gaming-asus-tuf-vg249q3a-24-inch/sub_1749628248_6849355889466.png'),
(204, 53, 'images/products/mn-hnh-asus/mn-hnh-gaming-asus-tuf-vg249q3a-24-inch/sub_1749628248_6849355889a83.png'),
(205, 53, 'images/products/mn-hnh-asus/mn-hnh-gaming-asus-tuf-vg249q3a-24-inch/sub_1749628248_6849355889f4a.png'),
(206, 53, 'images/products/mn-hnh-asus/mn-hnh-gaming-asus-tuf-vg249q3a-24-inch/sub_1749628248_684935588a2f5.png');



CREATE TABLE "reviews" (
  "id" int NOT NULL,
  "product_id" int NOT NULL,
  "user_id" int NOT NULL,
  "rating" smallint NOT NULL,
  "comment" text ,
  "created_at" timestamp NULL DEFAULT CURRENT_TIMESTAMP
);


INSERT INTO "reviews" ("id", "product_id", "user_id", "rating", "comment", "created_at") VALUES (23, 41, 14, 5, 'Mô hình rất đẹp!', '2025-06-11 06:35:10'),
(24, 32, 14, 5, 'wooooooo', '2025-06-11 08:21:18'),
(25, 47, 14, 5, 'sản phẩm rất đẹp!', '2025-06-11 14:50:35');



CREATE TABLE "users" (
  "id" int NOT NULL,
  "username" varchar(50)  NOT NULL,
  "password" varchar(255)  NOT NULL,
  "email" varchar(100)  NOT NULL,
  "phone" varchar(15)  DEFAULT NULL,
  "role" varchar(30) check ("role" in ('customer','admin'))  DEFAULT 'customer',
  "created_at" timestamp NULL DEFAULT CURRENT_TIMESTAMP
);


INSERT INTO "users" ("id", "username", "password", "email", "phone", "role", "created_at") VALUES (5, 'Admin', '$2y$10$cfTi4.fns0AgYsCJIeYrkeSVypfALFuuTOIZzEiDMWqvqhxnYomTC', 'nhieuphuc2004@gmail.com', '0903468571', 'admin', '2025-06-05 07:17:14'),
(14, 'Yosse', '$2y$10$sUzsBnlJGWiEAe9JTO1u.OQP1M3rFeUq/IeEHC10Sv5oeBnKhHAn.', 'honghongphuc12345@gmail.com', '0932088279', 'customer', '2025-06-10 07:01:18');



-- Add PRIMARY KEYS
ALTER TABLE "cart" ADD PRIMARY KEY ("id");
ALTER TABLE "categories" ADD PRIMARY KEY ("id");
ALTER TABLE "contacts" ADD PRIMARY KEY ("id");
ALTER TABLE "orders" ADD PRIMARY KEY ("id");
ALTER TABLE "order_details" ADD PRIMARY KEY ("id");
ALTER TABLE "products" ADD PRIMARY KEY ("id");
ALTER TABLE "product_images" ADD PRIMARY KEY ("id");
ALTER TABLE "reviews" ADD PRIMARY KEY ("id");
ALTER TABLE "users" ADD PRIMARY KEY ("id");
ALTER TABLE "users" ADD CONSTRAINT "users_email_key" UNIQUE ("email");

-- Add indexes instead of ADD KEY (MySQL syntax)
CREATE INDEX idx_cart_user_id ON "cart" ("user_id");
CREATE INDEX idx_cart_product_id ON "cart" ("product_id");
CREATE INDEX idx_categories_parent_id ON "categories" ("parent_id");
CREATE INDEX idx_orders_user_id ON "orders" ("user_id");
CREATE INDEX idx_order_details_order_id ON "order_details" ("order_id");
CREATE INDEX idx_order_details_product_id ON "order_details" ("product_id");
CREATE INDEX idx_products_category_id ON "products" ("category_id");
CREATE INDEX idx_products_brand_id ON "products" ("brand_id");
CREATE INDEX idx_product_images_product_id ON "product_images" ("product_id");
CREATE INDEX idx_reviews_product_id ON "reviews" ("product_id");
CREATE INDEX idx_reviews_user_id ON "reviews" ("user_id");

-- Add foreign keys
ALTER TABLE "cart"
  ADD CONSTRAINT "cart_ibfk_1" FOREIGN KEY ("user_id") REFERENCES "users" ("id"),
  ADD CONSTRAINT "cart_ibfk_2" FOREIGN KEY ("product_id") REFERENCES "products" ("id");

ALTER TABLE "categories"
  ADD CONSTRAINT "categories_ibfk_1" FOREIGN KEY ("parent_id") REFERENCES "categories" ("id") ON DELETE SET NULL;

ALTER TABLE "orders"
  ADD CONSTRAINT "orders_ibfk_1" FOREIGN KEY ("user_id") REFERENCES "users" ("id");

ALTER TABLE "order_details"
  ADD CONSTRAINT "order_details_ibfk_1" FOREIGN KEY ("order_id") REFERENCES "orders" ("id"),
  ADD CONSTRAINT "order_details_ibfk_2" FOREIGN KEY ("product_id") REFERENCES "products" ("id");

ALTER TABLE "products"
  ADD CONSTRAINT "products_ibfk_1" FOREIGN KEY ("category_id") REFERENCES "categories" ("id"),
  ADD CONSTRAINT "products_ibfk_2" FOREIGN KEY ("brand_id") REFERENCES "brands" ("id");

ALTER TABLE "product_images"
  ADD CONSTRAINT "product_images_ibfk_1" FOREIGN KEY ("product_id") REFERENCES "products" ("id");

ALTER TABLE "reviews"
  ADD CONSTRAINT "reviews_ibfk_1" FOREIGN KEY ("product_id") REFERENCES "products" ("id"),
  ADD CONSTRAINT "reviews_ibfk_2" FOREIGN KEY ("user_id") REFERENCES "users" ("id");

-- SERIAL AUTO_INCREMENT handling is assumed handled at CREATE TABLE time.
